,AAPL,ADBE,ADI,ADSK,AMAT,AMD,APP,ARM,ASML,AVGO,CDNS,CDW,CRWD,CSCO,CTSH,DDOG,FTNT,GFS,INTC,INTU,KLAC,LRCX,MCHP,MRVL,MSFT,MSTR,MU,NVDA,NXPI,ON,PANW,PLTR,QCOM,ROP,SHOP,SNPS,TEAM,TXN,WDAY,ZS
2017-05-01,,,,,,0.11898521907987612,,,,,,,,,,,,,,,,,,,,,,,,,,,,,,,,,,
2017-02-15,,,0.11549683723150331,,0.1025846356013593,,,,,,,,,0.09705664391405437,,,,,,,,,,,,,,,,,,,,,,0.10015690938846446,,,,
2017-05-02,0.09897935550067956,,,,,,,,,,,,,,,,,,,,,,,,,,,,,,,,,,0.09081577430150387,,,,,
2017-03-02,,,,0.1064658613402293,,,,,,,,,,,,,,,,,,,,0.09081577430150387,,,,,,,,,,,,,,,,
2017-04-27,,,,,,,,,,,,,,,,,0.09287678502166231,,0.09959933373346398,,0.09926681210939367,,,,0.09926681210939367,0.10199917310805288,,,,,,,,,,,0.09081577430150387,,,
2017-04-18,,,,,,,,,,,,,,,,,,,,,,0.11038929241685551,,,,,,,,,,,,,,,,,,
2017-03-23,,,,,,,,,,,,,,,,,,,,,,,,,,,0.09641549312644475,,,,,,,,,,,,,
2017-04-25,,,,,,,,,,,,,,,,,,,,,,,,,,,,,,,,,,,,,,0.12003676319548752,,
2017-03-16,,0.0955490000233342,,,,,,,,,,,,,,,,,,,,,,,,,,,,,,,,,,,,,,
2017-04-24,,,,,,,,,,,0.12884417599718,,,,,,,,,,,,,,,,,,,,,,,,,,,,,
2017-02-27,,,,,,,,,,,,,,,,,,,,,,,,,,,,,,,,,,,,,,,0.11201963288616533,
2017-04-19,,,,,,,,,0.09742621624830825,,,,,,,,,,,,,,,,,,,,,,,,0.09793187599717365,,,,,,,
2017-04-28,,,,,,,,,,,,,,,,,,,,,,,,,,,,,,,,,,0.10059123164156303,,,,,,
2017-02-23,,,,,,,,,,,,,,,,,,,,0.11804893971445088,,,,,,,,,,,,,,,,,,,,
2017-05-09,,,,,,,,,,,,,,,,,,,,,,,0.10808353753250162,,,,,0.1330715598551407,,,,,,,,,,,,
2017-05-03,,,,,,,,,,,,0.09868753882155819,,,,,,,,,,,,,,,,,0.10207699459903306,,,,,,,,,,,
2017-05-05,,,,,,,,,,,,,,,0.10199917310805288,,,,,,,,,,,,,,,,,,,,,,,,,
2017-02-09,,,,,,,,,,,,,,,,,,,,,,,,,,,,0.12008725047004636,,,,,,,,,,,,
2017-05-07,,,,,,,,,,,,,,,,,,,,,,,,,,,,,,0.0918703550698685,,,,,,,,,,
2017-02-28,,,,,,,,,,,,,,,,,,,,,,,,,,,,,,,0.11201963288616533,,,,,,,,,
2017-03-01,,,,,,,,,,0.11920601783996346,,,,,,,,,,,,,,,,,,,,,,,,,,,,,,
2017-07-25,,,,,,0.13979322985388254,,,,,,,,,,,,,,,,,,,,,,,,,,,,,,,,0.11896027381159142,,
2017-05-31,,,0.08284110190960413,,,,,,,,,,,,,,,,,,,,,,,,,,,,0.10384937677126041,,,,,,,,,
2017-08-01,0.08293743200221206,,,,,,,,,,,,,,,,,,,,,,,,,,,,,,,,,,0.10179336158575208,,,,,
2017-05-18,,,,0.10825324764871472,0.16432233361899762,,,,,,,,,,,,,,,,,,,,,,,,,,,,,,,,,,,
2017-07-27,,,,,,,,,,,,,,,,,,,0.10659573687715357,,0.16789259258577452,,,,,0.10134872021899415,,,,,,,,,,,0.06304607775441887,,,
2017-07-26,,,,,,,,,,,,,,,,,0.09133596599901044,,,,,0.18950714505228267,,,,,,,,,,,,,,,,,,
2017-06-29,,,,,,,,,,,,,,,,,,,,,,,,,,,0.11779587880619886,,,,,,,,,,,,,
2017-07-20,,,,,,,,,,,,,,,,,,,,,,,,,0.1739757058879349,,,,,,,,,,,,,,,
2017-06-20,,0.08571281785953569,,,,,,,,,,,,,,,,,,,,,,,,,,,,,,,,,,,,,,
2017-07-24,,,,,,,,,,,0.184470886042207,,,,,,,,,,,,,,,,,,,,,,,,,,,,,
2017-06-01,,,,,,,,,,0.16176125895198834,,,,,,,,,,,,,,,,,,,,,,,,,,,,,0.11498697060198732,
2017-05-17,,,,,,,,,,,,,,0.13014170904076205,,,,,,,,,,,,,,,,,,,,,,0.09875805903508617,,,,
2017-07-19,,,,,,,,,0.1072861228437428,,,,,,,,,,,,,,,,,,,,,,,,0.10209086847636896,,,,,,,
2017-07-31,,,,,,,,,,,,,,,,,,,,,,,,,,,,,,,,,,0.11846270062294961,,,,,,
2017-05-23,,,,,,,,,,,,,,,,,,,,0.1542153645179065,,,,,,,,,,,,,,,,,,,,
2017-08-03,,,,,,,,,,,,0.14356466351581174,,,0.09061330542311902,,,,,,,,0.10423712132606686,,,,,,0.12818338104216184,,,,,,,,,,,
2017-08-06,,,,,,,,,,,,,,,,,,,,,,,,,,,,,,0.09531922025942995,,,,,,,,,,
2017-05-25,,,,,,,,,,,,,,,,,,,,,,,,0.05479526421888369,,,,,,,,,,,,,,,,
2017-10-24,,,,,,0.10103073253536664,,,,,,,,,,,,,,,,,,,,,,,,,,,,,,,,0.09434824963013516,,
2017-08-30,,,0.08625562095796191,,,,,,,,,,,,,,,,,,,,,,,,,,,,,,,,,,,,0.10529469534559784,
2017-11-02,0.1013445863202794,,,,,,,,,,,,,,,,,,,,,,,,,,,,,,,,,,,,,,,
2017-08-17,,,,,0.1541896304639307,,,,,,,,,,,,,,,,,,,,,,,,,,,,,,,,,,,
2017-08-24,,,,0.1367636390170449,,,,,,0.1152760154080569,,,,,,,,,,,,,,0.12110678811320941,,,,,,,,,,,,,,,,
2017-10-26,,,,,,,,,,,0.1621729989488655,,,,,,0.12301131191274058,,0.11545842097968015,,0.14979753325305378,,,,0.10650749039924337,0.1047068038004395,,,0.09512438755091164,,,,,,,,,,,
2017-10-17,,,,,,,,,,,,,,,,,,,,,,0.14226638827726015,,,,,,,,,,,,,,,,,,
2017-09-26,,,,,,,,,,,,,,,,,,,,,,,,,,,0.1148625221441988,,,,,,,,,,,,,
2017-09-19,,0.09198492834165961,,,,,,,,,,,,,,,,,,,,,,,,,,,,,,,,,,,,,,
2017-08-16,,,,,,,,,,,,,,0.13316333380513348,,,,,,,,,,,,,,,,,,,,,,0.09180031809578985,,,,
2017-10-31,,,,,,,,,,,,,,,,,,,,,,,,,,,,,,,,,,,0.11015024566992926,,,,,
2017-11-01,,,,,,,,,,,,0.13185538841795472,,,0.0919446932018578,,,,,,,,,,,,,,,,,,0.11377439233840711,,,,,,,
2017-10-30,,,,,,,,,,,,,,,,,,,,,,,,,,,,,,,,,,0.09540239498976463,,,,,,
2017-10-19,,,,,,,,,,,,,,,,,,,,,,,,,,,,,,,,,,,,,0.10087231212603393,,,
2017-08-22,,,,,,,,,,,,,,,,,,,,0.1262564446828436,,,,,,,,,,,,,,,,,,,,
2017-11-06,,,,,,,,,,,,,,,,,,,,,,,0.12206185244195812,,,,,,,,,,,,,,,,,
2017-10-18,,,,,,,,,0.10916185864637223,,,,,,,,,,,,,,,,,,,,,,,,,,,,,,,
2017-08-10,,,,,,,,,,,,,,,,,,,,,,,,,,,,0.1297949834145685,,,,,,,,,,,,
2017-11-05,,,,,,,,,,,,,,,,,,,,,,,,,,,,,,0.13101677440114623,,,,,,,,,,
2017-08-31,,,,,,,,,,,,,,,,,,,,,,,,,,,,,,,0.10378617031656914,,,,,,,,,
2018-01-30,,,,,,0.14724702382491325,,,,,,,,,,,,,,,,,,,,,,,,,,,,,,,,,,
2017-11-21,,,0.110571338462993,,,,,,,,,,,,,,,,,,,,,,,,,,,,,,,,,,,,,
2018-02-01,0.11023738544897127,,,,,,,,,,,,,,,,,,,,,,,,,,,,,,,,,,,,,,,
2017-11-16,,,,,0.14317944931864748,,,,,,,,,,,,,,,,,,,,,,,,,,,,,,,,,,,
2017-11-28,,,,0.1374147861953255,,,,,,,,,,,,,,,,,,,,0.10500764751808869,,,,,,,,,,,,,,,,
2018-01-25,,,,,,,,,,,,,,,,,,,0.1273667500354792,,0.1476309333498733,,,,,0.10660965183670593,,,,,,,,,,,,,,
2018-01-24,,,,,,,,,,,,,,,,,,,,,,0.12640012987956037,,,,,,,,,,,,,,,,,,
2017-12-19,,,,,,,,,,,,,,,,,,,,,,,,,,,0.1116515648162105,,,,,,,,,,,,,
2018-01-23,,,,,,,,,,,,,,,,,,,,,,,,,,,,,,,,,,,,,,0.12729436698140248,,
2018-01-31,,,,,,,,,,,0.16655928669816794,,,,,,,,,,,,,,0.12490860213924218,,,,,,,,0.14922198855883262,,,,,,,
2017-12-14,,0.11380941838979856,,,,,,,,,,,,,,,,,,,,,,,,,,,,,,,,,,,,,,
2017-11-29,,,,,,,,,,,,,,,,,,,,,,,,,,,,,,,,,,,,0.11938347215898848,,,0.11568419620478793,
2017-11-15,,,,,,,,,,,,,,0.10047340256099468,,,,,,,,,,,,,,,,,,,,,,,,,,
2018-02-15,,,,,,,,,,,,,,,,,,,,,,,,,,,,,,,,,,,0.11401449588781314,,,,,
2018-02-02,,,,,,,,,,,,,,,,,,,,,,,,,,,,,,0.18811032930493327,,,,0.1032579600145493,,,,,,
2018-01-18,,,,,,,,,,,,,,,,,,,,,,,,,,,,,,,,,,,,,0.11537366112587596,,,
2017-11-20,,,,,,,,,,,,,,,,,,,,0.1374080572284322,,,,,,,,,,,0.10814421752726933,,,,,,,,,
2018-02-06,,,,,,,,,,,,,,,,,,,,,,,0.1489822203440261,,,,,,,,,,,,,,,,,
2018-02-07,,,,,,,,,,,,0.14228982447006489,,,0.11373317939380985,,,,,,,,,,,,,,,,,,,,,,,,,
2018-01-17,,,,,,,,,0.1169000828001284,,,,,,,,,,,,,,,,,,,,,,,,,,,,,,,
2017-11-09,,,,,,,,,,,,,,,,,,,,,,,,,,,,0.1184659150553802,,,,,,,,,,,,
2017-12-06,,,,,,,,,,0.12826287517679952,,,,,,,,,,,,,,,,,,,,,,,,,,,,,,
2018-02-05,,,,,,,,,,,,,,,,,0.14664053439444724,,,,,,,,,,,,,,,,,,,,,,,
2018-02-08,,,,,,,,,,,,,,,,,,,,,,,,,,,,0.11590473552857196,0.13558109627892198,,,,,,,,,,,
2018-04-25,,,,,,0.15976089400194174,,,,,,,,,,,,,,,,,,,,,,,,,,,0.13690012549118208,,,,,,,
2018-02-28,,,0.13154101148755382,,,,,,,,,,,,,,,,,,,,,,,,,,,,,,,,,,,,,
2018-05-01,0.12243772239657602,,,,,,,,,,,,,,,,,,,,,,,,,,,,,,,,,,0.11066781028976026,,,,,
2018-02-14,,,,,0.16383316277210266,,,,,,,,,0.14955619773879433,,,,,,,,,,,,,,,,,,,,,,,,,,
2018-03-06,,,,0.1317496139138823,,,,,,,,,,,,,,,,,,,,,,,,,,,,,,,,,,,,
2018-04-26,,,,,,,,,,,,,,,,,,,0.13650415953694828,,0.17629177384661762,,,,0.1692133496716378,0.08732200687240593,,,,,,,,,,,,,,
2018-04-17,,,,,,,,,,,,,,,,,,,,,,0.1343870674662521,,,,,,,,,,,,,,,,,,
2018-03-22,,,,,,,,,,,,,,,,,,,,,,,,,,,0.11727438136307448,,,,,,,,,,,,,
2018-04-24,,,,,,,,,,,,,,,,,,,,,,,,,,,,,,,,,,,,,,0.12388616324812665,,
2018-03-15,,0.13175141061785667,,,,,,,,0.14294461592993757,,,,,,,,,,,,,,,,,,,,,,,,,,,,,,
2018-04-23,,,,,,,,,,,0.18389762253898428,,,,,,,,,,,,,,,,,,,,,,,,,,,,,
2018-02-27,,,,,,,,,,,,,,,,,,,,,,,,,,,,,,,,,,,,,,,0.1337516391596692,
2018-04-20,,,,,,,,,,,,,,,,,,,,,,,,,,,,,,,,,,0.1238078328486794,,,,,,
2018-02-21,,,,,,,,,,,,,,,,,,,,,,,,,,,,,,,,,,,,0.11259127504920054,,,,
2018-04-19,,,,,,,,,,,,,,,,,,,,,,,,,,,,,,,,,,,,,0.12979723270144958,,,
2018-02-22,,,,,,,,,,,,,,,,,,,,0.14544061737930572,,,,,,,,,,,,,,,,,,,,
2018-05-08,,,,,,,,,,,,,,,,,,,,,,,0.14520724343321587,,,,,,,,,,,,,,,,,
2018-05-02,,,,,,,,,,,,0.17966907972920815,,,,,,,,,,,,,,,,,,,,,,,,,,,,
2018-04-18,,,,,,,,,0.11052579642793059,,,,,,,,,,,,,,,,,,,,,,,,,,,,,,,
2018-05-07,,,,,,,,,,,,,,,0.10670221609187419,,,,,,,,,,,,,,,,,,,,,,,,,
2018-04-29,,,,,,,,,,,,,,,,,,,,,,,,,,,,,,0.1390418654867998,,,,,,,,,,
2018-03-08,,,,,,,,,,,,,,,,,,,,,,,,0.13723284479944253,,,,,,,,,,,,,,,,
2018-02-26,,,,,,,,,,,,,,,,,,,,,,,,,,,,,,,0.12895258802475135,,,,,,,,,
2018-05-03,,,,,,,,,,,,,,,,,0.14273832279417623,,,,,,,,,,,,0.09699479353060295,,,,,,,,,,,
2018-07-25,,,,,,0.1336141529747885,,,,,,,,,,,,,,,,,,,,,,,,,,,0.1336141529747885,,,,,,,
2018-05-30,,,0.1336141529747885,,,,,,,,,,,,,,,,,,,,,,,,,,,,,,,,,,,,,
2018-07-31,0.1336141529747885,,,,,,,,,,,,,,,,,,,,,,,,,,,,,,,,,,0.1336141529747885,,,,,
2018-05-17,,,,,0.1336141529747885,,,,,,,,,,,,,,,,,,,,,,,,,,,,,,,,,,,
2018-05-24,,,,0.1336141529747885,,,,,,,,,,,,,,,,,,,,,,,,,,,,,,,,,,,,
2018-07-26,,,,,,,,,,,,,,,,,,,0.1336141529747885,,,0.1336141529747885,,,,0.1336141529747885,,,0.1336141529747885,,,,,0.1336141529747885,,,0.1336141529747885,,,
2018-07-30,,,,,,,,,,,,,,,,,,,,,0.1336141529747885,,,,,,,,,,,,,,,,,,,
2018-06-20,,,,,,,,,,,,,,,,,,,,,,,,,,,0.1336141529747885,,,,,,,,,,,,,
2018-07-24,,,,,,,,,,,,,,,,,,,,,,,,,,,,,,,,,,,,,,0.1336141529747885,,
2018-07-19,,,,,,,,,,,,,,,,,,,,,,,,,0.1336141529747885,,,,,,,,,,,,,,,
2018-06-14,,0.1336141529747885,,,,,,,,,,,,,,,,,,,,,,,,,,,,,,,,,,,,,,
2018-07-23,,,,,,,,,,,0.1336141529747885,,,,,,,,,,,,,,,,,,,,,,,,,,,,,
2018-05-31,,,,,,,,,,,,,,,,,,,,,,,,0.1336141529747885,,,,,,,,,,,,,,,0.1336141529747885,
2018-05-16,,,,,,,,,,,,,,0.1336141529747885,,,,,,,,,,,,,,,,,,,,,,,,,,
2018-05-23,,,,,,,,,,,,,,,,,,,,,,,,,,,,,,,,,,,,0.1336141529747885,,,,
2018-05-22,,,,,,,,,,,,,,,,,,,,0.1336141529747885,,,,,,,,,,,,,,,,,,,,
2018-08-09,,,,,,,,,,,,,,,,,,,,,,,0.1336141529747885,,,,,,,,,,,,,,,,,
2018-08-02,,,,,,,,,,,,0.1336141529747885,,,0.1336141529747885,,,,,,,,,,,,,,,,,,,,,,,,,
2018-06-06,,,,,,,,,,,,,,,,,,,,,,,,,,,,,,,,,,,,,,,,0.1336141529747885
2018-07-18,,,,,,,,,0.1336141529747885,,,,,,,,,,,,,,,,,,,,,,,,,,,,,,,
2018-05-10,,,,,,,,,,,,,,,,,,,,,,,,,,,,0.1336141529747885,,,,,,,,,,,,
2018-07-29,,,,,,,,,,,,,,,,,,,,,,,,,,,,,,0.1336141529747885,,,,,,,,,,
2018-06-04,,,,,,,,,,,,,,,,,,,,,,,,,,,,,,,0.1336141529747885,,,,,,,,,
2018-06-07,,,,,,,,,,0.1336141529747885,,,,,,,,,,,,,,,,,,,,,,,,,,,,,,
2018-08-01,,,,,,,,,,,,,,,,,0.1336141529747885,,,,,,,,,,,,,,,,,,,,,,,
2018-10-24,,,,,,0.163184061053472,,,,,,,,,,,,,,,,,,,0.14849411985584418,,,,,,,,,,,,,,,
2018-08-22,,,0.11831683762781824,,,,,,,,,,,,,,,,,,,,,,,,,,,,,,,,,0.10837523321448674,,,,
2018-11-01,0.12019118832205967,,,,,,,,,,,,,,,,0.18378819325439594,,,,,,,,,,,,0.14503544495948462,,,,,,,,,,,
2018-08-16,,,,,0.1756738056605964,,,,,,,,,,,,,,,,,,,,,,,0.11421480524079851,,,,,,,,,,,,
2018-08-23,,,,0.16748562717445442,,,,,,,,,,,,,,,,0.1467323225682798,,,,,,,,,,,,,,,,,,,,
2018-10-25,,,,,,,,,,,,,,,,,,,0.13290940877298246,,,,,,,0.09006582165695395,,,,,,,,,0.11440575464444375,,,,,
2018-10-29,,,,,,,,,,,,,,,,,,,,,0.1505431688873052,,,,,,,,,,,,,,,,,,,
2018-10-16,,,,,,,,,,,,,,,,,,,,,,0.11150758670063456,,,,,,,,,,,,,,,,,,
2018-09-20,,,,,,,,,,,,,,,,,,,,,,,,,,,0.11753587009488868,,,,,,,,,,,,,
2018-10-23,,,,,,,,,,,,,,,,,,,,,,,,,,,,,,,,,,,,,,0.13323016914437893,,
2018-09-13,,0.12430154496666844,,,,,,,,,,,,,,,,,,,,,,,,,,,,,,,,,,,,,,
2018-10-22,,,,,,,,,,,0.1613271234257982,,,,,,,,,,,,,,,,,,,,,,,,,,,,,
2018-09-04,,,,,,,,,,,,,,,,,,,,,,,,,,,,,,,,,,,,,,,0.13270368314449493,
2018-08-15,,,,,,,,,,,,,,0.13990061827477718,,,,,,,,,,,,,,,,,,,,,,,,,,
2018-11-07,,,,,,,,,,,,,,,,,,,,,,,0.11853283728808446,,,,,,,,,,0.18573868581308162,,,,,,,
2018-10-26,,,,,,,,,,,,,,,,,,,,,,,,,,,,,,,,,,0.10146165803754421,,,,,,
2018-10-18,,,,,,,,,,,,,,,,,,,,,,,,,,,,,,,,,,,,,0.15303014923779834,,,
2018-10-31,,,,,,,,,,,,0.16777225519674496,,,,,,,,,,,,,,,,,,,,,,,,,,,,
2018-09-05,,,,,,,,,,,,,,,,,,,,,,,,,,,,,,,,,,,,,,,,0.12453262286337137
2018-10-17,,,,,,,,,0.10991929878766961,,,,,,,,,,,,,,,,,,,,,,,,,,,,,,,
2018-10-30,,,,,,,,,,,,,,,0.10108465096518757,,,,,,,,,,,,,,,,,,,,,,,,,
2018-10-28,,,,,,,,,,,,,,,,,,,,,,,,,,,,,,0.2076358379100177,,,,,,,,,,
2018-09-06,,,,,,,,,,0.11638562912555883,,,,,,,,,,,,,,0.09758058259414383,,,,,,,0.11558648786925112,,,,,,,,,
2019-01-29,0.1386525427049176,,,,,0.1386525427049176,,,,,,,,,,,,,,,0.1386525427049176,,,,,0.1386525427049176,,,,,,,,,,,,,,
2018-11-20,,,0.1386525427049176,0.1386525427049176,,,,,,,,,,,,,,,,,,,,,,,,,,,,,,,,,,,,
2018-11-15,,,,,0.1386525427049176,,,,,,,,,,,,,,,,,,,,,,,0.1386525427049176,,,,,,,,,,,,
2019-01-24,,,,,,,,,,,,,,,,,,,0.1386525427049176,,,,,,,,,,,,,,,,,,,,,
2019-01-23,,,,,,,,,0.1386525427049176,,,,,,,,,,,,,0.1386525427049176,,,,,,,,,,,,,,,,0.1386525427049176,,
2018-12-18,,,,,,,,,,,,,,,,,,,,,,,,,,,0.1386525427049176,,,,,,,,,,,,,
2019-01-30,,,,,,,,,,,,,,,,,,,,,,,,,0.1386525427049176,,,,,,,,0.1386525427049176,,,,,,,
2018-12-13,,0.1386525427049176,,,,,,,,,,,,,,,,,,,,,,,,,,,,,,,,,,,,,,
2019-02-19,,,,,,,,,,,0.1386525427049176,,,,,,,,,,,,,,,,,,,,,,,,,,,,,
2018-11-29,,,,,,,,,,,,,,,,,,,,,,,,,,,,,,,0.1386525427049176,,,,,,,,0.1386525427049176,
2018-11-14,,,,,,,,,,,,,,0.1386525427049176,,,,,,,,,,,,,,,,,,,,,,,,,,
2019-02-12,,,,,,,,,,,,,,,,,,,,,,,,,,,,,,,,,,,0.1386525427049176,,,,,
2019-02-01,,,,,,,,,,,,,,,,,,,,,,,,,,,,,,0.1386525427049176,,,,0.1386525427049176,,,,,,
2018-12-05,,,,,,,,,,,,,,,,,,,,,,,,,,,,,,,,,,,,0.1386525427049176,,,,
2019-01-17,,,,,,,,,,,,,,,,,,,,,,,,,,,,,,,,,,,,,0.1386525427049176,,,
2018-11-19,,,,,,,,,,,,,,,,,,,,0.1386525427049176,,,,,,,,,,,,,,,,,,,,
2019-02-05,,,,,,,,,,,,,,,,,,,,,,,0.1386525427049176,,,,,,,,,,,,,,,,,
2019-02-07,,,,,,,,,,,,0.1386525427049176,,,,,,,,,,,,,,,,,0.1386525427049176,,,,,,,,,,,
2018-12-04,,,,,,,,,,,,,,,,,,,,,,,,0.1386525427049176,,,,,,,,,,,,,,,,0.1386525427049176
2019-02-06,,,,,,,,,,,,,,,0.1386525427049176,,0.1386525427049176,,,,,,,,,,,,,,,,,,,,,,,
2018-12-06,,,,,,,,,,0.1386525427049176,,,,,,,,,,,,,,,,,,,,,,,,,,,,,,
2019-04-30,0.14696423709392548,,,,,0.12205221503973007,,,,,,,,,,,,,,,,,,,,0.12878867983818054,,,0.12878867983818054,,,,,,0.11190611124038696,,,,,
2019-02-20,,,0.12878867983818054,,,,,,,,,,,,,,,,,,,,,,,,,,,,,,,,,0.12878867983818054,,,,
2019-02-14,,,,,0.12878867983818054,,,,,,,,,,,,,,,,,,,,,,,0.17135284841060638,,,,,,,,,,,,
2019-02-28,,,,0.15951848030090332,,,,,,,,,,,,,,,,,,,,,,,,,,,,,,,,,,,0.0757303386926651,0.08877923339605331
2019-04-25,,,,,,,,,,,,,,,,,,,0.12878867983818054,,,,,,,,,,,,,,,0.12878867983818054,,,,,,
2019-05-06,,,,,,,,,,,,,,,,,,,,,0.22419457137584686,,,,,,,,,,,,,,,,,,,
2019-04-24,,,,,,,,,,,,,,,,,,,,,,0.12878867983818054,,,0.14696423709392548,,,,,,,,,,,,,,,
2019-03-20,,,,,,,,,,,,,,,,,,,,,,,,,,,0.11706719547510147,,,,,,,,,,,,,
2019-04-23,,,,,,,,,,,,,,,,,,,,,,,,,,,,,,,,,,,,,,0.14696423709392548,,
2019-03-14,,-0.20719842612743378,,,,,,,,0.12878867983818054,,,,,,,,,,,,,,,,,,,,,,,,,,,,,,
2019-04-22,,,,,,,,,,,0.369032084941864,,,,,,,,,,,,,,,,,,,,,,,,,,,,,
2019-02-13,,,,,,,,,,,,,,0.12878867983818054,,,,,,,,,,,,,,,,,,,,,,,,,,
2019-05-01,,,,,,,,,,,,0.14696423709392548,,,,,,,,,,,,,,,,,,,,,0.14696423709392548,,,,,,,
2019-04-17,,,,,,,,,0.12878867983818054,,,,,,,,,,,,,,,,,,,,,,,,,,,,0.02517932467162609,,,
2019-02-21,,,,,,,,,,,,,,,,,,,,0.12205221503973007,,,,,,,,,,,,,,,,,,,,
2019-05-08,,,,,,,,,,,,,,,,,,,,,,,0.33045604825019836,,,,,,,,,,,,,,,,,
2019-05-02,,,,,,,,,,,,,,,0.11706719547510147,,0.12205221503973007,,,,,,,,,,,,,,,,,,,,,,,
2019-04-27,,,,,,,,,,,,,,,,,,,,,,,,,,,,,,0.12878867983818054,,,,,,,,,,
2019-03-07,,,,,,,,,,,,,,,,,,,,,,,,0.11706719547510147,,,,,,,,,,,,,,,,
2019-02-26,,,,,,,,,,,,,,,,,,,,,,,,,,,,,,,0.14696423709392548,,,,,,,,,
2019-07-30,0.1366776078939438,,,,,0.10121843963861465,,,,,,,,,,,,,,,,,,,,0.12676778435707092,,,0.12676778435707092,,,,,,,,,,,
2019-05-22,,,0.12676778435707092,,,,,,,,,,,,,,,,,,,,,,,,,,,,,,,,,0.12676778435707092,,,,
2019-05-16,,,,,0.12676778435707092,,,,,,,,,,,,,,,,,,,,,,,0.1259772926568985,,,,,,,,,,,,
2019-05-23,,,,0.12979990243911743,,,,,,,,,,,,,,,,0.13699692487716675,,,,,,,,,,,,,,,,,,,,
2019-07-25,,,,,,,,,,,,,,,,,,,0.12676778435707092,,,,,,,,,,,,,,,0.12676778435707092,,,0.08440343290567398,,,
2019-08-05,,,,,,,,,,,,,,,,,,,,,0.15097929537296295,,,,,,,,,0.12676778435707092,,,,,,,,,,
2019-07-31,,,,,,,,,,,,0.1366776078939438,,,0.1183965727686882,,,,,,,0.12676778435707092,,,,,,,,,,,0.13699692487716675,,,,,,,
2019-06-25,,,,,,,,,,,,,,,,,,,,,,,,,,,0.13277773559093475,,,,,,,,,,,,,
2019-07-23,,,,,,,,,,,,,,,,,,,,,,,,,,,,,,,,,,,,,,0.13699692487716675,,
2019-07-18,,,,,,,,,,,,,,,,,,,,,,,,,0.13699692487716675,,,,,,,,,,,,,,,
2019-06-18,,-0.06250520050525665,,,,,,,,,,,,,,,,,,,,,,,,,,,,,,,,,,,,,,
2019-07-22,,,,,,,,,,,0.13755886256694794,,,,,,,,,,,,,,,,,,,,,,,,,,,,,
2019-05-28,,,,,,,,,,,,,,,,,,,,,,,,,,,,,,,,,,,,,,,0.11325103044509888,
2019-05-15,,,,,,,,,,,,,,0.12676778435707092,,,,,,,,,,,,,,,,,,,,,,,,,,
2019-08-01,,,,,,,,,,,,,,,,,0.17081418633460999,,,,,,,,,,,,,,,,,,0.12605145573616028,,,,,
2019-08-06,,,,,,,,,,,,,,,,,,,,,,,0.20990902185440063,,,,,,,,,,,,,,,,,
2019-05-30,,,,,,,,,,,,,,,,,,,,,,,,0.1183965727686882,,,,,,,,,,,,,,,,0.12605145573616028
2019-07-17,,,,,,,,,0.13755886256694794,,,,,,,,,,,,,,,,,,,,,,,,,,,,,,,
2019-05-29,,,,,,,,,,,,,,,,,,,,,,,,,,,,,,,0.13699692487716675,,,,,,,,,
2019-06-13,,,,,,,,,,0.12676778435707092,,,,,,,,,,,,,,,,,,,,,,,,,,,,,,
2019-10-29,,,,,,0.11104617610455113,,,,,,,,,,,,,,,,,,,,0.13700463942288926,,,0.12174902999000128,,,,,,0.10369775107060791,,,,,
2019-08-21,,,0.12457359243079735,,,,,,,,,,,,,,,,,,,,,,,,,,,,,,,,,0.114365776115319,,,,
2019-10-30,0.12393311624103229,,,,,,,,,,,,,,0.10955003121647276,,,,,,0.13124239622692968,,,,,,,,,,,,,,,,,,,
2019-08-15,,,,,0.12821327659729262,,,,,,,,,,,,,,,,,,,,,,,0.16860694382459182,,,,,,,,,,,,
2019-08-27,,,,0.13879592490287174,,,,,,,,,,,,,,,,,,,,,,,,,,,,,,,,,,,,
2019-10-24,,,,,,,,,,,,,,,,,,,0.11654949972996603,,,,,,,,,,,,,,,0.13787595758977272,,,,,,
2019-10-23,,,,,,,,,,,,,,,,,,,,,,0.12393311624103229,,,0.12393311624103229,,,,,,,,,,,,,,,
2019-09-26,,,,,,,,,,,,,,,,,,,,,,,,,,,0.10747970671214552,,,,,,,,,,,,,
2019-10-22,,,,,,,,,,,,,,,,,,,,,,,,,,,,,,,,,,,,,,0.12393311624103229,,
2019-09-17,,0.10369775107060791,,,,,,,,,,,,,,,,,,,,,,,,,,,,,,,,,,,,,,
2019-10-21,,,,,,,,,,,0.16860694382459182,,,,,,,,,,,,,,,,,,,,,,,,,,,,,
2019-08-29,,,,,,,,,,,,,,,,,,,,,,,,0.11901392443329645,,,,,,,,,,,,,,,0.10369775107060791,
2019-08-14,,,,,,,,,,,,,,0.12393311624103229,,,,,,,,,,,,,,,,,,,,,,,,,,
2019-11-06,,,,,,,,,,,,,,,,,,,,,,,,,,,,,,,,,0.16860694382459182,,,,,,,
2019-10-17,,,,,,,,,,,,,,,,,,,,,,,,,,,,,,,,,,,,,0.10369775107060791,,,
2019-08-22,,,,,,,,,,,,,,,,,,,,0.10369775107060791,,,,,,,,,,,,,,,,,,,,
2019-11-05,,,,,,,,,,,,,,,,,,,,,,,0.11373532378509695,,,,,,,,,,,,,,,,,
2019-10-31,,,,,,,,,,,,0.11729922315975773,,,,,0.16860694382459182,,,,,,,,,,,,,,,,,,,,,,,
2019-09-10,,,,,,,,,,,,,,,,,,,,,,,,,,,,,,,,,,,,,,,,0.10369775107060791
2019-09-05,,,,,,,,,,,,,0.10369775107060791,,,,,,,,,,,,,,,,,,,,,,,,,,,
2019-11-12,,,,,,,,,,,,,,,,0.10369775107060791,,,,,,,,,,,,,,,,,,,,,,,,
2019-10-16,,,,,,,,,0.16860694382459182,,,,,,,,,,,,,,,,,,,,,,,,,,,,,,,
2019-10-27,,,,,,,,,,,,,,,,,,,,,,,,,,,,,,0.1262798859520674,,,,,,,,,,
2019-09-04,,,,,,,,,,,,,,,,,,,,,,,,,,,,,,,0.13124239622692968,,,,,,,,,
2019-09-12,,,,,,,,,,0.1194109151334387,,,,,,,,,,,,,,,,,,,,,,,,,,,,,,
2020-01-28,0.11901730919615418,,,,,0.09917987106238331,,,,,,,,,,,,,,,,,,,,0.1294352180382196,,,,,,,,,,,,,,
2019-11-26,,,0.10391511198533718,0.13057676261723306,,,,,,,,,,,,,,,,,,,,,,,,,,,,,,,,,,,,
2019-11-14,,,,,0.11498190321188059,,,,,,,,,,,,,,,,,,,,,,,0.14328956029583859,,,,,,,,,,,,
2020-01-23,,,,,,,,,,,,,,,,,,,0.09749872947282263,,,,,,,,,,,,,,,,,,0.11190469250627481,,,
2020-02-04,,,,,,,,,,,,,,,,,,,,,0.11793726562784944,,0.12146239289577121,,,,,,,,,,,,,,,,,
2020-01-29,,,,,,,,,,,,,,,,,,,,,,0.13988610479985264,,,0.1411783117322889,,,,,,,,,,,,,,,
2019-12-18,,,,,,,,,,,,,,,,,,,,,,,,,,,0.09931946742945764,,,,,,,,,,,,,
2020-01-22,,,,,,,,,0.12039170868891796,,,,,,,,,,,,,,,,,,,,,,,,,,,,,0.1280999124126549,,
2019-12-12,,0.07783069392557103,,,,,,,,0.12547555941193478,,,,,,,,,,,,,,,,,,,,,,,,,,,,,,
2020-02-12,,,,,0.11479819600568938,,,,,,0.11939734698614254,,,0.1325286922168067,,,,,,,,,,,,,,,,,,,,,0.11190469250627481,,,,,
2019-12-03,,,,,,,,,,,,,,,,,,,,,,,,0.10215234980870401,,,,,,,,,,,,,,,0.1095288810712841,0.11190469250627481
2019-11-13,,,,,,,,,,,,,,0.1172764374857178,,,,,,,,,,,,,,,,,,,,,,,,,,
2020-02-05,,,,,,,,,,,,,,,0.09931946742945764,,,,,,,,,,,,,,,,,,0.13854732921235607,,,,,,,
2020-01-30,,,,,,,,,,,,,,,,,,,,,,,,,,,,,,,,,,0.11313859205420618,,,,,,
2019-12-04,,,,,,,,,,,,,,,,,,,,,,,,,,,,,,,,,,,,0.11842924111132028,,,,
2019-11-21,,,,,,,,,,,,,,,,,,,,0.11190469250627481,,,,,,,,,,,,,,,,,,,,
2020-02-06,,,,,,,,,,,,0.12758822490877283,,,,,0.1540715080994048,,,,,,,,,,,,,,,,,,,,,,,
2019-12-05,,,,,,,,,,,,,0.11190469250627481,,,,,,,,,,,,,,,,,,,,,,,,,,,
2020-02-13,,,,,,,,,,,,,,,,0.11190469250627481,,,,,,,,,,,,0.11618570998507789,,,,,,,,,,,,
2020-02-03,,,,,,,,,,,,,,,,,,,,,,,,,,,,,0.12039937462609923,0.11119829344816926,,,,,,,,,,
2019-11-25,,,,,,,,,,,,,,,,,,,,,,,,,,,,,,,0.1198044229706639,,,,,,,,,
2020-04-28,,,,,,0.10871777777533247,,,,,,,,,,,,,,,,,,,,0.12050545693673981,,,,,,,,0.12670131318530392,,,,,,
2020-02-19,,,0.11869074763970734,,,,,,,,,,,,,,,,,,,,,,,,,,,,,,,,,0.1107181479306529,,,,
2020-04-30,0.14544054892187236,,,,,,,,,,,,,,,,,,,,,,,,,,,,,,,,,,,,0.11704167102728621,,,
2020-02-27,,,,0.12793446027893898,,,,,,,,,,,,,,,,,,,,,,,,,,,,,,,,,,,0.14949032923364214,
2020-04-23,,,,,,,,,,,,,,,,,,,0.11822448946770572,,,,,,,,,,,,,,,,,,,,,
2020-05-05,,,,,,,,,,,,,,,,,,,,,0.10948250498352569,,,,,,,,,,,,,,,,,,,
2020-04-22,,,,,,,,,,,,,,,,,,,,,,0.11607946961307668,,,,,,,,,,,,,,,,,,
2020-03-25,,,,,,,,,,,,,,,,,,,,,,,,,,,0.10417874228338779,,,,,,,,,,,,,
2020-04-21,,,,,,,,,,,,,,,,,,,,,,,,,,,,,,,,,,,,,,0.10745714668465216,,
2020-04-29,,,,,,,,,,,,,,,,,,,,,,,,,0.11536363746369291,,,,,,,,0.08748728869538812,,,,,,,
2020-03-12,,0.11049771586366125,,,,,,,,0.11937145190014793,,,,,,,,,,,,,,,,,,,,,,,,,,,,,,
2020-04-20,,,,,,,,,,,0.14692337953203433,,,,,,,,,,,,,,,,,,,,,,,,,,,,,
2020-05-06,,,,,,,,,,,,0.144950691450525,,,,,0.08584200253256002,,,,,,,,,,,,,,,,,,0.11729544213937902,,,,,
2020-02-24,,,,,,,,,,,,,,,,,,,,0.11864512512934244,,,,,,,,,,,0.13251343667992685,,,,,,,,,
2020-05-07,,,,,,,,,,,,,,,0.11877107329322134,,,,,,,,0.12789978835530413,,,,,,,,,,,,,,,,,
2020-02-20,,,,,,,,,,,,,,,,,,,,,,,,,,,,,,,,,,,,,,,,0.0864595944660344
2020-03-19,,,,,,,,,,,,,0.11751080960687181,,,,,,,,,,,,,,,,,,,,,,,,,,,
2020-05-11,,,,,,,,,,,,,,,,0.10807695116764868,,,,,,,,,,,,,,,,,,,,,,,,
2020-04-15,,,,,,,,,0.109066705867726,,,,,,,,,,,,,,,,,,,,,,,,,,,,,,,
2020-05-09,,,,,,,,,,,,,,,,,,,,,,,,,,,,,,0.13934336343073772,,,,,,,,,,
2020-03-04,,,,,,,,,,,,,,,,,,,,,,,,0.11214825154173359,,,,,,,,,,,,,,,,
2020-04-27,,,,,,,,,,,,,,,,,,,,,,,,,,,,,0.11446340824160106,,,,,,,,,,,
2020-07-28,,,,,,0.12494980543851852,,,,,,,,,,,,,,,,,,,,0.12494980543851852,,,,,,,,0.12631870806217194,,,,,,
2020-05-20,,,0.12645220756530762,,,,,,,,,,,,,,,,,,,,,,,,,,,,,,,,,0.12494980543851852,,,,
2020-07-30,0.12645220756530762,,,,,,,,,,,,,,,,,,,,,,,,,,,,,,,,,,,,0.1256917119026184,,,
2020-05-14,,,,,0.12645220756530762,,,,,,,,,,,,,,,,,,,,,,,,,,,,,,,,,,,
2020-05-27,,,,0.12116889655590057,,,,,,,,,,,,,,,,,,,,,,,,,,,,,,,,,,,0.12494980543851852,
2020-07-23,,,,,,,,,,,,,,,,,,,0.11215304583311081,,,,,,,,,,,,,,,,,,,,,
2020-08-03,,,,,,,,,,,,,,,,,,,,,0.1205311045050621,,,,,,,,,,,,,,,,,,,
2020-07-29,,,,,,,,,,,,,,,0.12494980543851852,,,,,,,0.12494980543851852,,,,,,,,,,,0.13273347914218903,,-0.01804460398852825,,,,,
2020-06-29,,,,,,,,,,,,,,,,,,,,,,,,,,,0.11452586203813553,,,,,,,,,,,,,
2020-07-21,,,,,,,,,,,,,,,,,,,,,,,,,,,,,,,,,,,,,,0.11215304583311081,,
2020-07-22,,,,,,,,,,,,,,,,,,,,,,,,,0.11215304583311081,,,,,,,,,,,,,,,
2020-06-11,,0.1238461434841156,,,,,,,,,,,,,,,,,,,,,,,,,,,,,,,,,,,,,,
2020-07-20,,,,,,,,,,,0.11215304583311081,,,,,,,,,,,,,,,,,,,,,,,,,,,,,
2020-05-13,,,,,,,,,,,,,,0.12645220756530762,,,,,,,,,,,,,,,,,,,,,,,,,,
2020-05-21,,,,,,,,,,,,,,,,,,,,0.12631870806217194,,,,,,,,0.20218230783939362,,,0.12494980543851852,,,,,,,,,
2020-08-04,,,,,,,,,,,,,,,,,,,,,,,0.1205311045050621,,,,,,,,,,,,,,,,,
2020-08-05,,,,,,,,,,,,0.12494980543851852,,,,,,,,,,,,,,,,,,,,,,,,,,,,
2020-05-28,,,,,,,,,,,,,,,,,,,,,,,,0.11808928102254868,,,,,,,,,,,,,,,,0.12494980543851852
2020-06-02,,,,,,,,,,,,,0.12494980543851852,,,,,,,,,,,,,,,,,,,,,,,,,,,
2020-08-06,,,,,,,,,,,,,,,,0.12418930232524872,0.12418930232524872,,,,,,,,,,,,,,,,,,,,,,,
2020-07-15,,,,,,,,,0.1223437562584877,,,,,,,,,,,,,,,,,,,,,,,,,,,,,,,
2020-08-10,,,,,,,,,,,,,,,,,,,,,,,,,,,,,,0.12645220756530762,,,,,,,,,,
2020-06-04,,,,,,,,,,0.12645220756530762,,,,,,,,,,,,,,,,,,,,,,,,,,,,,,
2020-07-27,,,,,,,,,,,,,,,,,,,,,,,,,,,,,0.11215304583311081,,,,,,,,,,,
2020-10-27,,,,,,0.11478761583566666,,,,,,,,,,,,,,,,,,,0.12272725999355316,0.12761066854000092,,,0.11945465952157974,,,,,0.09905202686786652,,,,,,
2020-08-19,,,0.12109677493572235,,,,,,,,,,,,,,,,,,,,,,,,,0.11478761583566666,,,,,,,,0.12109677493572235,,,,
2020-10-29,0.13654693961143494,,,,,,,,,,,,,,,,0.1226496770977974,,,,,,,,,,,,,,,,,,0.0973561480641365,,0.10007724165916443,,,
2020-08-13,,,,,0.12109677493572235,,,,,,,,,,,,,,,,,,,,,,,,,,,,,,,,,,,
2020-08-25,,,,0.12516292929649353,,,,,,,,,,,,,,,,0.12147616595029831,,,,,,,,,,,,,,,,,,,,
2020-10-22,,,,,,,,,,,,,,,,,,,0.12109677493572235,,,,,,,,,,,,,,,,,,,,,
2020-10-28,,,,,,,,,,,,,,,0.12109677493572235,,,,,,0.12550078332424164,,,,,,,,,,,,,,,,,,,
2020-10-21,,,,,,,,,,,,,,,,,,,,,,0.12550078332424164,,,,,,,,,,,,,,,,,,
2020-09-29,,,,,,,,,,,,,,,,,,,,,,,,,,,0.12004025280475616,,,,,,,,,,,,,
2020-10-20,,,,,,,,,,,,,,,,,,,,,,,,,,,,,,,,,,,,,,0.12272725999355316,,
2020-09-15,,0.10701173543930054,,,,,,,,,,,,,,,,,,,,,,,,,,,,,,,,,,,,,,
2020-10-19,,,,,,,,,,,0.12272725999355316,,,,,,,,,,,,,,,,,,,,,,,,,,,,,
2020-08-27,,,,,,,,,,,,,,,,,,,,,,,,0.13170377910137177,,,,,,,,,,,,,,,0.12098600715398788,
2020-08-12,,,,,,,,,,,,,,0.12109677493572235,,,,,,,,,,,,,,,,,,,,,,,,,,
2020-11-04,,,,,,,,,,,,,,,,,,,,,,,,,,,,,,,,,0.12777887284755707,,,,,,,
2020-11-05,,,,,,,,,,,,,,,,,,,,,,,0.12018642574548721,,,,,,,,,,,,,,,,,
2020-11-02,,,,,,,,,,,,0.1226496770977974,,,,,,,,,,,,,,,,,,,,,,,,,,,,
2020-09-09,,,,,,,,,,,,,,,,,,,,,,,,,,,,,,,,,,,,,,,,0.12098600715398788
2020-09-02,,,,,,,,,,,,,0.12098600715398788,,,,,,,,,,,,,,,,,,,,,,,,,,,
2020-11-10,,,,,,,,,,,,,,,,0.12098600715398788,,,,,,,,,,,,,,,,,,,,,,,,
2020-11-12,,,,,0.12195972350327089,,,,,,,,,0.12195972350327089,,,,,,,,,,,,,,,,,,0.11859814822673798,,,,,,,,
2020-10-14,,,,,,,,,0.11495137959718704,,,,,,,,,,,,,,,,,,,,,,,,,,,,,,,
2020-10-31,,,,,,,,,,,,,,,,,,,,,,,,,,,,,,0.1261483132839203,,,,,,,,,,
2020-08-24,,,,,,,,,,,,,,,,,,,,,,,,,,,,,,,0.12914207577705383,,,,,,,,,
2020-09-03,,,,,,,,,,0.13408367335796356,,,,,,,,,,,,,,,,,,,,,,,,,,,,,,
2021-01-26,,,,,,0.12195972350327089,,,,,,,,,,,,,,,,,,,0.12195972350327089,,,,,,,,,,,,,0.12195972350327089,,
2020-11-24,,,0.12195972350327089,0.12195972350327089,,,,,,,,,,,,,,,,,,,,,,,,,,,,,,,,,,,,
2021-01-27,0.12195972350327089,,,,,,,,,,,,,,,,,,,,,0.12195972350327089,,,,,,,,,,,,,,,,,,
2021-01-21,,,,,,,,,,,,,,,,,,,0.12195972350327089,,,,,,,,,,,,,,,,,,,,,
2021-02-03,,,,,,,,,,,,,,,0.12195972350327089,,,,,,0.12195972350327089,,,,,,,,,,,,0.12195972350327089,,,,,,,
2021-01-07,,,,,,,,,,,,,,,,,,,,,,,,,,,0.12195972350327089,,,,,,,,,,,,,
2020-12-10,,0.12195972350327089,,,,,,,,0.12195972350327089,,,,,,,,,,,,,,,,,,,,,,,,,,,,,,
2021-02-22,,,,,,,,,,,0.12195972350327089,,,,,,,,,,,,,,,,,,,,0.1063917800784111,,,,,,,,,
2020-11-19,,,,,,,,,,,,,,,,,,,,0.12195972350327089,,,,,,,,,,,,,,,,,,,0.12195972350327089,
2021-02-17,,,0.13336993753910065,,,,,,,,,,,,,,,,,,,,,,,,,,,,,,,,0.12195972350327089,0.13336993753910065,,,,
2021-01-29,,,,,,,,,,,,,,,,,,,,,,,,,,,,,,,,,,0.12195972350327089,,,,,,
2020-12-02,,,,,,,,,,,,,0.12195972350327089,,,,,,,,,,,,,,,,,,,,,,,0.12195972350327089,,,,0.12195972350327089
2021-01-28,,,,,,,,,,,,,,,,,,,,,,,,,,0.12195972350327089,,,,,,,,,,,0.12195972350327089,,,
2021-02-04,,,,,,,,,,,,,,,,,0.12195972350327089,,,,,,0.12195972350327089,,,,,,,,,,,,,,,,,
2021-02-10,,,,,,,,,,,,0.12195972350327089,,,,,,,,,,,,,,,,,,,,,,,,,,,,
2021-02-11,,,,,,,,,,,,,,,,0.12195972350327089,,,,,,,,,,,,,,,,,,,,,,,,
2021-02-16,,,,,,,,,,,,,,,,,,,,,,,,,,,,,,,,0.12195972350327089,,,,,,,,
2021-01-20,,,,,,,,,0.12195972350327089,,,,,,,,,,,,,,,,,,,,,,,,,,,,,,,
2020-11-18,,,,,,,,,,,,,,,,,,,,,,,,,,,,0.12195972350327089,,,,,,,,,,,,
2021-02-01,,,,,,,,,,,,,,,,,,,,,,,,,,,,,0.12195972350327089,0.12195972350327089,,,,,,,,,,
2020-12-03,,,,,,,,,,,,,,,,,,,,,,,,0.12195972350327089,,,,,,,,,,,,,,,,
2020-11-16,,,,,,,,,,,,,,,,,,,,,,,,,,,,,,,0.12195972350327089,,,,,,,,,
2021-04-27,,,,,,0.11112725734710693,,,,,,,,,,,,,,,,,,,0.12009625136852264,,,,,,,,,0.11085875332355499,,,,0.13336993753910065,,
2021-04-28,0.12009625136852264,,,,,,,,,,,,,,,,,,,,,,,,,,,,,,,,0.12009625136852264,,-0.07594330608844757,,,,,
2021-02-18,,,,,0.10434111207723618,,,,,,,,,,,,,,,,,,,,,,,,,,,,,,,,,,,
2021-02-25,,,,0.1100466251373291,,,,,,,,,,,,,,,,,,,,,,,,,,,,,,,,,,,0.06886077672243118,0.05429116263985634
2021-04-22,,,,,,,,,,,,,,,,,,,0.11112725734710693,,,,,,,,,,,,,,,,,,,,,
2021-04-29,,,,,,,,,,,,,,,,,0.10657888650894165,,,,0.11085875332355499,,,,,0.11571304500102997,,,,,,,,,,,0.10913994163274765,,,
2021-04-21,,,,,,,,,-0.0013056645402684808,,,,,,,,,,,,,0.11085875332355499,,,,,,,,,,,,,,,,,,
2021-03-31,,,,,,,,,,,,,,,,,,,,,,,,,,,0.10987679660320282,,,,,,,,,,,,,
2021-03-23,,0.10913994163274765,,,,,,,,,,,,,,,,,,,,,,,,,,,,,,,,,,,,,,
2021-04-26,,,,,,,,,,,0.10913994163274765,,,,,,,,,,,,,,,,,,0.12009625136852264,,,,,,,,,,,
2021-02-09,,,,,,,,,,,,,,0.11085875332355499,,,,,,,,,,,,,,,,,,,,,,,,,,
2021-02-23,,,,,,,,,,,,,,,,,,,,0.10913994163274765,,,,,,,,,,,,,,,,,,,,
2021-05-06,,,,,,,,,,,,,,,,0.05429116263985634,,,,,,,0.11085875332355499,,,,,,,,,,,,,,,,,
2021-05-05,,,,,,,,,,,,0.11085875332355499,,,0.11112725734710693,,,,,,,,,,,,,,,,,,,,,,,,,
2021-03-16,,,,,,,,,,,,,0.05429116263985634,,,,,,,,,,,,,,,,,,,,,,,,,,,
2021-05-11,,,,,,,,,,,,,,,,,,,,,,,,,,,,,,,,0.10040245205163956,,,,,,,,
2021-02-24,,,,,,,,,,,,,,,,,,,,,,,,,,,,0.0988159030675888,,,,,,,,,,,,
2021-05-03,,,,,,,,,,,,,,,,,,,,,,,,,,,,,,0.12009625136852264,,,,,,,,,,
2021-03-03,,,,,,,,,,,,,,,,,,,,,,,,0.1338411569595337,,,,,,,,,,,,,,,,
2021-03-04,,,,,,,,,,0.1195233017206192,,,,,,,,,,,,,,,,,,,,,,,,,,,,,,
2021-07-27,0.09014000564366387,,,,,0.10207458376919598,,,,,,,,,,,,,,,,,,,0.07411571476269813,,,,,,,,,,,,,,,
2021-05-19,,,0.08766607540124673,,,,,,,,,,,0.1254214434128415,,,,,,,,,,,,,,,,,,,,,,0.10496332189572347,,,,
2021-05-20,,,,,0.09712443521952814,,,,,,,,,,,,,,,,,,,,,,,,,,0.13523836240555048,,,,,,,,,
2021-05-27,,,,0.061382893207813524,,,,,,,,,,,,,,,,,,,,,,,,,,,,,,,,,,,,
2021-07-22,,,,,,,,,,,,,,,,,,,0.09273785145543446,,,,,,,,,,,,,,,,,,,,,
2021-07-29,,,,,,,,,,,,,,,,,0.12023850623737016,,,,0.07277240059050144,,,,,0.10411157114523255,,,,,,,,,,,0.0931475070370281,,,
2021-07-28,,,,,,,,,,,,,,,0.08957528365127741,,,,,,,0.1032125607303679,,,,,,,,,,,0.06930035570260822,,0.06963391188356104,,,,,
2021-06-30,,,,,,,,,,,,,,,,,,,,,,,,,,,0.09772703361820259,,,,,,,,,,,,,
2021-07-21,,,,,,,,,0.039546600656111465,,,,,,,,,,,,,,,,,,,,,,,,,,,,,0.0843529465217898,,
2021-06-17,,0.05460836699321833,,,,,,,,,,,,,,,,,,,,,,,,,,,,,,,,,,,,,,
2021-07-26,,,,,,,,,,,0.0911491547107037,,,,,,,,,,,,,,,,,,,,,,,,,,,,,
2021-05-26,,,,,,,,,,,,,,,,,,,,,,,,,,,,0.07647142062859053,,,,,,,,,,,0.06978232388901925,
2021-07-23,,,,,,,,,,,,,,,,,,,,,,,,,,,,,,,,,,0.08234807157364117,,,,,,
2021-05-25,,,,,,,,,,,,,,,,,,,,0.09485828675029345,,,,,,,,,,,,,,,,,,,,0.11065559643765359
2021-08-03,,,,,,,,,,,,,,,,,,,,,,,0.12924878508588056,,,,,,,,,,,,,,,,,
2021-08-04,,,,,,,,,,,,0.11781476298457418,,,,,,,,,,,,,,,,,,,,,,,,,,,,
2021-06-03,,,,,,,,,,0.1342338675224466,,,0.09775119595442217,,,,,,,,,,,,,,,,,,,,,,,,,,,
2021-08-05,,,,,,,,,,,,,,,,0.13104778216045448,,,,,,,,,,,,,,,,,,,,,,,,
2021-08-12,,,,,,,,,,,,,,,,,,,,,,,,,,,,,,,,0.127011523062905,,,,,,,,
2021-08-11,,,,,,,0.1294877478652729,,,,,,,,,,,,,,,,,,,,,,,,,,,,,,,,,
2021-08-02,,,,,,,,,,,,,,,,,,,,,,,,,,,,,0.11328435692263175,0.12740829404208256,,,,,,,,,,
2021-06-07,,,,,,,,,,,,,,,,,,,,,,,,0.13577926695776618,,,,,,,,,,,,,,,,
2021-10-26,,,,,,0.11008836420526892,,,,,,,,,,,,,,,,,,,0.10121014006296351,,,,,,,,,,,,,0.10451978239602867,,
2021-08-18,,,0.11279716366083349,,,,,,,,,,,0.11958550990248204,,,,,,,,,,,,,,0.09940029268620298,,,,,,,,0.11314385585535795,,,,
2021-10-28,0.1047516943567392,,,,,,,,,,,,,,,,,,,,,,,,,0.11481524580848373,,,,,,,,,0.10214909217390135,,0.10792042377628118,,,
2021-08-19,,,,,0.1179887229936944,,,,,,,,,,,,,,,,,,,,,,,,,,,,,,,,,,,
2021-08-25,,,,0.08520232117722334,,,,,,,,,,,,,,,,,,,,,,,,,,,,,,,,,,,,
2021-10-21,,,,,,,,,,,,,,,,,,,0.11527247831230064,,,,,,,,,,,,,,,,,,,,,
2021-10-27,,,,,,,,,,,,,,,0.1072425477281324,,,,,,0.10562870854250019,,,,,,,,,,,,,,,,,,,
2021-10-20,,,,,,,,,0.08206409570239498,,,,,,,,,,,,,0.11266607107929728,,,,,,,,,,,,,,,,,,
2021-09-28,,,,,,,,,,,,,,,,,,,,,,,,,,,0.12128789110438626,,,,,,,,,,,,,
2021-09-21,,0.08630495214599089,,,,,,,,,,,,,,,,,,,,,,,,,,,,,,,,,,,,,,
2021-10-25,,,,,,,,,,,0.10705131067713487,,,,,,,,,,,,,,,,,,,,,,,,,,,,,
2021-08-26,,,,,,,,,,,,,,,,,,,,,,,,0.11731447856299683,,,,,,,,,,,,,,,0.11451152538405146,
2021-11-03,,,,,,,,,,,,0.11698443806332565,,,,,,,,,,,,,,,,,,,,,0.11151235227081772,,,,,,,
2021-10-22,,,,,,,,,,,,,,,,,,,,,,,,,,,,,,,,,,0.11326317086235708,,,,,,
2021-08-24,,,,,,,,,,,,,,,,,,,,0.09481541532280331,,,,,,,,,,,,,,,,,,,,
2021-11-04,,,,,,,,,,,,,,,,0.11312000126129089,0.11084210859496961,,,,,,0.12543831721358445,,,,,,,,,,,,,,,,,
2021-09-09,,,,,,,,,,,,,,,,,,,,,,,,,,,,,,,,,,,,,,,,0.10527104716847871
2021-08-31,,,,,,,,,,,,,0.10979835694444733,,,,,,,,,,,,,,,,,,,,,,,,,,,
2021-11-09,,,,,,,,,,,,,,,,,,,,,,,,,,,,,,,,0.11401070170185804,,,,,,,,
2021-11-10,,,,,,,0.13400783318322032,,,,,,,,,,,,,,,,,,,,,,,,,,,,,,,,,
2021-11-01,,,,,,,,,,,,,,,,,,,,,,,,,,,,,0.11696483801169526,0.12804310782103123,,,,,,,,,,
2021-08-23,,,,,,,,,,,,,,,,,,,,,,,,,,,,,,,0.11476368981927808,,,,,,,,,
2021-09-02,,,,,,,,,,0.12077228473431424,,,,,,,,,,,,,,,,,,,,,,,,,,,,,,
2022-02-01,,,,,,0.11662095814436617,,,,,,,,,,,,,,,,,,,,0.12339515895670226,,,,,,,,,,,,,,
2021-11-23,,,0.11123600228164009,0.0949893383591471,,,,,,,,,,,,,,,,,,,,,,,,,,,,,,,,,,,,
2022-01-27,0.10196859992692253,,,,,,,,,,,,,,,,,,,,0.09990167142972868,,,,,,,,,,,,,,,,0.12099224797450407,,,
2021-11-18,,,,,0.10806309686741565,,,,,,,,,,,,,,,0.12543252660276072,,,,,,,,,,,0.1255546853345301,,,,,,,,0.119980734145593,
2022-01-26,,,,,,,,,,,,,,,,,,,0.10931950817188354,,,0.10017847427847425,,,,,,,,,,,,,,,,,,
2021-12-20,,,,,,,,,,,,,,,,,,,,,,,,,,,0.12208613351398721,,,,,,,,,,,,,
2022-01-25,,,,,,,,,,,,,,,,,,,,,,,,,0.09564632140904003,,,,,,,,,,,,,0.09296958849978396,,
2021-12-16,,0.0782127892906732,,,,,,,,,,,,,,,,,,,,,,,,,,,,,,,,,,,,,,
2022-02-22,,,,,,,,,,,0.11996742899925512,,,,,,,,,,,,,,,,,,,,0.1229082532951981,,,,,,,,,
2021-11-17,,,,,,,,,,,,,,0.12776620364850808,,,,,,,,,,,,,,0.09559938547499422,,,,,,,,,,,,
2022-02-16,,,0.12866262308907658,,0.11992224737236455,,0.13519470905064762,,,,,,,0.12431381693985138,,,,,,,,,,,,,,0.07653786720826622,,,,,,,0.10099869387300575,0.11354497679377552,,,,
2022-02-02,,,,,,,,,,,,,,,0.11578417651938629,,,,,,,,,,,,,,,,,,0.10975665735771133,0.1070400748944249,,,,,,
2021-12-01,,,,,,,,,,,,,0.11326958193523426,,,,,,,,,,,,,,,,,,,,,,,0.11629227307079601,,,,
2022-02-03,,,,,,,,,,,,,,,,,0.11639496197327714,,,,,,0.12904928928282275,,,,,,,,,,,,,,,,,
2022-02-09,,,,,,,,,,,,0.10934530181470745,,,,,,,,,,,,,,,,,,,,,,,,,,,,
2021-11-30,,,,,,,,,,,,,,,,,,,,,,,,,,,,,,,,,,,,,,,,0.12234560293657629
2022-02-10,,,,,,,,,,,,,,,,0.1169222463899978,,,,,,,,,,,,,,,,,,,,,,,,
2022-02-17,,,,,,,,,,,,,,,,,,,,,,,,,,,,,,,,0.14084956034226062,,,,,,,,
2022-02-08,,,,,,,,,,,,,,,,,,0.1243433908318331,,,,,,,,,,,,,,,,,,,,,,
2022-01-19,,,,,,,,,0.07677631785016974,,,,,,,,,,,,,,,,,,,,,,,,,,,,,,,
2022-02-07,,,,,,,,,,,,,,,,,,,,,,,,,,,,,,0.12942685561250875,,,,,,,,,,
2021-12-02,,,,,,,,,,,,,,,,,,,,,,,,0.1298224271182322,,,,,,,,,,,,,,,,
2021-12-09,,,,,,,,,,0.1105342978379508,,,,,,,,,,,,,,,,,,,,,,,,,,,,,,
2022-01-31,,,,,,,,,,,,,,,,,,,,,,,,,,,,,0.11719729705147078,,,,,,,,,,,
2022-05-03,,,,,,0.1322134035866274,,,,,,,,,,,,,,,,,,,,0.13018295378357514,,,,,,,,,,,,,,
2022-04-28,0.09106666242325448,,,,,,,,,,,,,,,,,,0.10058250923625862,,0.08881441476883283,,,,,,,,,,,,,,,,0.10021519797715543,,,
2022-02-24,,,,0.1149063900388696,,,,,,,,,,,,,,,,0.10610263706957365,,,,,,,,,,,,,,,,,,,,0.10101416088838902
2022-04-20,,,,,,,,,0.0538998932800184,,,,,,,,,,,,,0.09996835786214425,,,,,,,,,,,,,,,,,,
2022-03-29,,,,,,,,,,,,,,,,,,,,,,,,,,,0.09313734701052556,,,,,,,,,,,,,
2022-04-26,,,,,,,,,,,,,,,,,,,,,,,,,0.0830913372693438,,,,,,,,,0.11252904516472824,,,,0.09599832504257325,,
2022-03-22,,0.06941231412448114,,,,,,,,,,,,,,,,,,,,,,,,,,,,,,,,,,,,,,
2022-04-25,,,,,,,,,,,0.10728321059106494,,,,,,,,,,,,,,,,,,,,,,,,,,,,,
2022-02-28,,,,,,,,,,,,,,,,,,,,,,,,,,,,,,,,,,,,,,,0.12986848950956784,
2022-05-05,,,,,,,,,,,,,,,,0.09749506908518686,,,,,,,,,,,,,,,,,,,0.099901209055139,,,,,
2022-04-27,,,,,,,,,,,,,,,,,,,,,,,,,,,,,,,,,0.09054412967870266,,,,,,,
2022-05-09,,,,,,,,,,,,,,,,,,,,,,,0.12454816250567703,,,,,,,,,0.1245676325448266,,,,,,,,
2022-05-04,,,,,,,,,,,,0.11269307179254483,,,0.11978731825856107,,0.09653196625619373,,,,,,,,,,,,,,,,,,,,,,,
2022-03-09,,,,,,,,,,,,,0.10469413224531628,,,,,,,,,,,,,,,,,,,,,,,,,,,
2022-05-11,,,,,,,0.13880229733910068,,,,,,,,,,,,,,,,,,,,,,,,,,,,,,,,,
2022-05-10,,,,,,,,,,,,,,,,,,0.1327622763610584,,,,,,,,,,,,,,,,,,,,,,
2022-05-02,,,,,,,,,,,,,,,,,,,,,,,,,,,,,0.11833227490213719,0.1345174806743503,,,,,,,,,,
2022-03-03,,,,,,,,,,0.09346635862801296,,,,,,,,,,,,,,0.1327622763610584,,,,,,,,,,,,,,,,
2022-08-02,,,,,,0.12129136174917221,,,,,,,,,,,,,,,,,0.12253900617361069,,,0.12198850512504578,,,,,,,,,,,,,,
2022-05-18,,,0.12030345946550369,,,,,,,,,,,0.1241467073559761,,,,,,,,,,,,,,,,,,,,,,0.12231627851724625,,,,
2022-07-28,0.11149471998214722,,,,,,,,,,,,,,,,,,0.11449851095676422,,0.1153598502278328,,,,,,,,,,,,,,,,,,,
2022-05-19,,,,,0.1241467073559761,,,,,,,,,,,,,,,,,,,,,,,,,,0.1179020032286644,,,,,,,,,
2022-05-26,,,,0.11597329378128052,,,,,,0.12100060284137726,,,,,,,,,,,,,,0.12129136174917221,,,,,,,,,,,,,,,0.13579943776130676,0.12253900617361069
2022-07-27,,,,,,,,,,,,,,,0.12129136174917221,,,,,,,0.12100060284137726,,,,,,,,,,,0.12100060284137726,,0.12129136174917221,,,,,
2022-06-30,,,,,,,,,,,,,,,,,,,,,,,,,,,0.12030345946550369,,,,,,,,,,,,,
2022-07-26,,,,,,,,,,,,,,,,,,,,,,,,,0.12100060284137726,,,,,,,,,,,,,0.12100060284137726,,
2022-06-16,,0.12231627851724625,,,,,,,,,,,,,,,,,,,,,,,,,,,,,,,,,,,,,,
2022-07-25,,,,,,,,,,,0.12100060284137726,,,,,,,,,,,,,,,,,,0.11631214618682861,,,,,,,,,,,
2022-07-22,,,,,,,,,,,,,,,,,,,,,,,,,,,,,,,,,,0.02501772716641426,,,,,,
2022-08-04,,,,,,,,,,,,,,,,0.1350128948688507,,,,,,,,,,,,,,,,,,,,,0.13694126904010773,,,
2022-05-24,,,,,,,,,,,,,,,,,,,,0.1135982796549797,,,,,,,,,,,,,,,,,,,,
2022-08-03,,,,,,,,,,,,0.1241467073559761,,,,,0.12198850512504578,,,,,,,,,,,,,,,,,,,,,,,
2022-06-02,,,,,,,,,,,,,0.13694126904010773,,,,,,,,,,,,,,,,,,,,,,,,,,,
2022-08-08,,,,,,,,,,,,,,,,,,,,,,,,,,,,,,,,0.12129136174917221,,,,,,,,
2022-08-10,,,,,,,0.13579943776130676,,,,,,,,,,,,,,,,,,,,,,,,,,,,,,,,,
2022-08-09,,,,,,,,,,,,,,,,,,0.12253900617361069,,,,,,,,,,,,,,,,,,,,,,
2022-07-20,,,,,,,,,0.11272455751895905,,,,,,,,,,,,,,,,,,,,,,,,,,,,,,,
2022-05-25,,,,,,,,,,,,,,,,,,,,,,,,,,,,0.12100060284137726,,,,,,,,,,,,
2022-08-01,,,,,,,,,,,,,,,,,,,,,,,,,,,,,,0.1241467073559761,,,,,,,,,,
2022-11-01,,,,,,0.11691589253246408,,,,,,,,,,,,,,,,,,,,0.13294268623340083,,,,,,,,,,,,,,
2022-08-17,,,0.08568648228095091,,,,,,,,,,,0.10134645610768336,,,,,,,,,,,,,,,,,,,,,,0.08969428510103673,,,,
2022-10-27,0.09405173128440682,,,,,,,,,,,,,,,,,,0.10361639458185541,,,,,,,,,,,,,,,,0.1329896039070878,,,,,
2022-08-18,,,,,0.09596011926536432,,,,,,,,,,,,,,,,,,,,,,,,,,,,,,,,,,,
2022-08-24,,,,0.11498769299755947,,,,,,,,,,,,,,,,,,,,,,,,0.11493787963060789,,,,,,,,,,,,
2022-10-26,,,,,,,,,,,,,,,,,,,,,0.1023228689350166,,,,,,,,,,,,,0.08463909077207718,,,,,,
2022-10-19,,,,,,,,,0.08609229920099638,,,,,,,,,,,,,0.10910472105926682,,,,,,,,,,,,,,,,,,
2022-09-29,,,,,,,,,,,,,,,,,,,,,,,,,,,0.10293277388722062,,,,,,,,,,,,,
2022-10-25,,,,,,,,,,,,,,,,,,,,,,,,,0.09354571521353852,,,,,,,,,,,,,0.09374907269265714,,
2022-09-15,,0.09040135651177109,,,,,,,,,,,,,,,,,,,,,,,,,,,,,,,,,,,,,,
2022-10-24,,,,,,,,,,,0.09080017707555949,,,,,,,,,,,,,,,,,,,,,,,,,,,,,
2022-08-25,,,,,,,,,,,,,,,,,,,,,,,,0.10957716541261146,,,,,,,,,,,,,,,0.12033386976828644,
2022-11-02,,,,,,,,,,,,0.11341890469987591,,,0.1063649190191816,,0.11028401698886406,,,,,,,,,,,,,,,,0.10147989336235509,,,,,,,
2022-11-03,,,,,,,,,,,,,,,,0.12265035315037708,,,,,,,0.10634595000016633,,,,,,,,,,,,,,0.12184960195238398,,,
2022-08-23,,,,,,,,,,,,,,,,,,,,0.09221945221578279,,,,,,,,,,,,,,,,,,,,
2022-09-08,,,,,,,,,,,,,,,,,,,,,,,,,,,,,,,,,,,,,,,,0.1252852733362973
2022-08-30,,,,,,,,,,,,,0.1252852733362973,,,,,,,,,,,,,,,,,,,,,,,,,,,
2022-11-07,,,,,,,,,,,,,,,,,,,,,,,,,,,,,,,,0.13594555987318832,,,,,,,,
2022-11-09,,,,,,,0.13151886709413332,,,,,,,,,,,,,,,,,,,,,,,,,,,,,,,,,
2022-11-08,,,,,,,,,,,,,,,,,,0.12074845431755316,,,,,,,,,,,,,,,,,,,,,,
2022-10-31,,,,,,,,,,,,,,,,,,,,,,,,,,,,,0.10546383691162246,0.09863615266330003,,,,,,,,,,
2022-08-22,,,,,,,,,,,,,,,,,,,,,,,,,,,,,,,0.11305236345045414,,,,,,,,,
2022-09-01,,,,,,,,,,0.10079725023929628,,,,,,,,,,,,,,,,,,,,,,,,,,,,,,
2023-01-31,,,,,,0.11544581627314557,,,,,,,,,,,,,,,,,,,,,,,,,,,,,,,,,,
2022-11-22,,,0.09320871188004393,0.09956952637786479,,,,,,,,,,,,,,,,,,,,,,,,,,,,,,,,,,,,
2023-02-02,0.09924968775449453,,,,,,,,,,,,,,0.10933933480220888,,,,,,,,0.11718891808385427,,,0.12561857294526196,,,,,,,0.10301257888313847,,,,0.10873906706690198,,,
2022-11-17,,,,,0.09794238243207917,,,,,,,,,,,,,,,,,,,,,,,,,,0.10720796478809927,,,,,,,,,
2023-01-26,,,,,,,,,,,,,,,,,,,0.11138239298173136,,0.07584428025076705,,,,,,,,,,,,,,,,,,,
2023-01-25,,,,,,,,,0.0712111352940523,,,,,,,,,,,,,0.09222880915279585,,,,,,,,,,,,,,,,,,
2022-12-21,,,,,,,,,,,,,,,,,,,,,,,,,,,0.10712870171796268,,,,,,,,,,,,,
2023-01-24,,,,,,,,,,,,,,,,,,,,,,,,,0.10925450551415715,,,,,,,,,,,,,0.08457531847437934,,
2022-12-15,,0.08760931847038915,,,,,,,,,,,,,,,,,,,,,,,,,,,,,,,,,,,,,,
2023-02-13,,,,,,,,,,,0.09653135733328946,,,,,,,,,,,,,,,,,,,,,0.13382447222995963,,,,,,,,
2022-11-29,,,,,,,,,,,,,0.0878113635788943,,,,,,,0.10756948072130297,,,,,,,,,,,,,,,,,,,0.1178443706105549,
2022-11-16,,,,,,,,,,,,,,0.12322261328403805,,,,,,,,,,,,,,0.1049071783636346,,,,,,,,,,,,
2023-02-15,,,0.09052803627095087,,,,,,,,,,,0.11137440032538272,,,,,,,,,,,,,,,,,,,,,0.11502600518554366,0.09384410899274799,,,,
2023-01-27,,,,,,,,,,,,,,,,,,,,,,,,,,,,,,,,,,0.08764404201101358,,,,,,
2022-11-30,,,,,,,,,,,,,,,,,,,,,,,,,,,,,,,,,,,,0.09472922940912895,,,,
2023-02-08,,,,,,,0.13848970228937163,,,,,0.10545851027469633,,,,,,,,,,,,,,,,,,,,,,,,,,,,
2022-12-01,,,,,,,,,,,,,,,,,,,,,,,,0.11857756074491611,,,,,,,,,,,,,,,,0.08730024473815354
2023-02-16,,,,,0.10489498089757031,,,,,,,,,,,0.10050933158441193,,,,,,,,,,,,,,,,,,,,,,,,
2023-02-14,,,,,,,,,,,,,,,,,,0.12135909980477672,,,,,,,,,,,,,,,,,,,,,,
2023-02-06,,,,,,,,,,,,,,,,,,,,,,,,,,,,,,0.11737559699224226,,,,,,,,,,
2022-12-08,,,,,,,,,,0.09567471050459915,,,,,,,,,,,,,,,,,,,,,,,,,,,,,,
2023-02-07,,,,,,,,,,,,,,,,,0.12084190646250212,,,,,,,,,,,,,,,,,,,,,,,
2023-01-30,,,,,,,,,,,,,,,,,,,,,,,,,,,,,0.102109869925996,,,,,,,,,,,
2023-05-02,,,,,,0.11582152539985353,,,,,,,,,,,,,,,,,,,,,,,,,,,,,,,,,,
2023-05-04,0.0748535880866656,,,,,,,,,,,,,,,0.10093417448669542,0.09728224574740593,,,,,,0.08903542664563115,,,,,,,,,,,,0.09848295226540328,,0.07236908085503509,,,
2023-02-23,,,,0.07895425767080455,,,,,,,,,,,,,,,,0.0921914845421718,,,,,,,,,,,,,,,,,,,,
2023-04-27,,,,,,,,,,,,,,,,,,,0.1173188622652366,,,,,,,,,,,,,,,0.07027756202999706,,,,,,
2023-04-26,,,,,,,,,,,,,,,,,,,,,0.05578863002327596,,,,,,,,,,,,,,,,,,,
2023-04-19,,,,,,,,,0.05289432135652616,,,,,,,,,,,,,0.08726097641420406,,,,,,,,,,,,,,,,,,
2023-03-28,,,,,,,,,,,,,,,,,,,,,,,,,,,0.11894068294585618,,,,,,,,,,,,,
2023-04-25,,,,,,,,,,,,,,,,,,,,,,,,,0.09291986917087083,,,,,,,,,,,,,0.07967189281446563,,
2023-03-15,,0.0788854169288499,,,,,,,,,,,,,,,,,,,,,,,,,,,,,,,,,,,,,,
2023-04-24,,,,,,,,,,,0.06003243749820581,,,,,,,,,,,,,,,,,,,,,,,,,,,,,
2023-02-27,,,,,,,,,,,,,,,,,,,,,,,,,,,,,,,,,,,,,,,0.10582446695447599,
2023-05-03,,,,,,,,,,,,0.09667593613516523,,,0.11069553856886374,,,,,,,,,,,,,,,,,,0.08667561499151791,,,,,,,
2023-03-02,,,,,,,,,,0.08479316236183253,,,,,,,,,,,,,,0.11207945679608157,,,,,,,,,,,,,,,,0.0931202381824416
2023-03-07,,,,,,,,,,,,,0.10928957636225195,,,,,,,,,,,,,,,,,,,,,,,,,,,
2023-05-08,,,,,,,,,,,,,,,,,,,,,,,,,,,,,,,,0.1271899982840967,,,,,,,,
2023-05-10,,,,,,,0.12659249799334862,,,,,,,,,,,,,,,,,,,,,,,,,,,,,,,,,
2023-05-09,,,,,,,,,,,,,,,,,,0.11781122890801797,,,,,,,,,,,,,,,,,,,,,,
2023-05-01,,,,,,,,,,,,,,,,,,,,,,,,,,0.10254078050751712,,,0.10253541382645015,0.11697152239468113,,,,,,,,,,
2023-02-22,,,,,,,,,,,,,,,,,,,,,,,,,,,,0.08451758016778116,,,,,,,,,,,,
2023-02-21,,,,,,,,,,,,,,,,,,,,,,,,,,,,,,,0.09367691135354968,,,,,,,,,
2023-08-01,,,,,,0.08743066089928077,,,,,,,,,,,,,,,,,,,,0.12318432912889243,,,,,,,,,,,,,,
2023-05-24,,,0.08440127607692141,,,,,,,,,,,,,,,,,,,,,,,,,0.1538597784253571,,,,,,,,,,,,
2023-08-03,0.0672960681258303,,,,,,,,,,,,,,,,0.06021629781838772,,,,,,0.11306190584006037,,,,,,,,,,,,,,0.0527244696083433,,,
2023-05-18,,,,,0.08323264503120062,,,,,,,,,,,,,,,,,,,,,,,,,,,,,,,,,,,
2023-05-25,,,,0.10370207743314522,,,,,,,,,,,,,,,,,,,,0.09926166291336731,,,,,,,,,,,,,,,0.07087182855875525,
2023-07-27,,,,,,,,,,,,,,,,,,,0.10034723045513394,,0.12019416741742689,,,,,,,,,,,,,,,,,,,
2023-07-26,,,,,,,,,,,,,,,,,,,,,,0.07039815592259595,,,,,,,,,,,,,,,,,,
2023-06-28,,,,,,,,,,,,,,,,,,,,,,,,,,,0.08187378017906535,,,,,,,,,,,,,
2023-07-25,,,,,,,,,,,,,,,,,,,,,,,,,0.010775555615862768,,,,,,,,,,,,,0.1251714430545494,,
2023-06-15,,0.13219486859516408,,,,,,,,,,,,,,,,,,,,,,,,,,,,,,,,,,,,,,
2023-07-24,,,,,,,,,,,0.06221719628069442,,,,,,,,,,,,,,,,,,0.11954271024510353,,,,,,,,,,,
2023-05-17,,,,,,,,,,,,,,0.10852165231523081,,,,,,,,,,,,,,,,,,,,,,0.10815233800746579,,,,
2023-08-02,,,,,,,,,,,,0.09850772158178664,,,0.0862366783009992,,,,,,,,,,,,,,,,,,0.06586069167621102,,0.09860211814137847,,,,,
2023-07-21,,,,,,,,,,,,,,,,,,,,,,,,,,,,,,,,,,0.06465577737256081,,,,,,
2023-05-23,,,,,,,,,,,,,,,,,,,,0.11949259612615487,,,,,,,,,,,0.09269496306150131,,,,,,,,,
2023-06-01,,,,,,,,,,0.09800578089417482,,,,,,,,,,,,,,,,,,,,,,,,,,,,,,0.12304174378189187
2023-05-31,,,,,,,,,,,,,0.08730657200745,,,,,,,,,,,,,,,,,,,,,,,,,,,
2023-08-08,,,,,,,,,,,,,,,,0.08768717646314901,,0.10536800783220852,,,,,,,,,,,,,,,,,,,,,,
2023-08-07,,,,,,,,,,,,,,,,,,,,,,,,,,,,,,,,0.09914890671715637,,,,,,,,
2023-08-09,,,,,,,0.08783488299284695,,,,,,,,,,,,,,,,,,,,,,,,,,,,,,,,,
2023-07-19,,,,,,,,,0.12965334590391758,,,,,,,,,,,,,,,,,,,,,,,,,,,,,,,
2023-07-31,,,,,,,,,,,,,,,,,,,,,,,,,,,,,,0.09726173646132731,,,,,,,,,,
2023-10-31,,,,,,0.09985217170660574,,,,,,,,,,,,,,,,,,,,,,,,,,,,,,,,,,
2023-08-23,,,0.07377273559255214,0.06806587936692687,,,,,,,,,,,,,,,,,,,,,,,,0.019577275716572355,,,,,,,,,,,,
2023-11-02,0.035110521929941886,,,,,,,,,,,,,,,,0.09196904535988287,,,,,,0.08570068982822143,,,,,,,,,0.07636546323880418,,,0.11974098514845265,,0.028305928479817975,,,
2023-08-17,,,,,0.04660931181462535,,,,,,,,,,,,,,,,,,,,,,,,,,,,,,,,,,,
2023-10-26,,,,,,,,,,,,,,,,,,,0.11668384831615049,,,,,,,,,,,,,,,,,,,,,
2023-10-25,,,,,,,,,,,,,,,,,,,,,0.02013200581131774,,,,,,,,,,,,,0.03135014990313108,,,,,,
2023-10-18,,,,,,,,,0.045873602738661735,,,,,,,,,,,,,0.057624147034304796,,,,,,,,,,,,,,,,,,
2023-09-27,,,,,,,,,,,,,,,,,,,,,,,,,,,0.1125299206989077,,,,,,,,,,,,,
2023-10-24,,,,,,,,,,,,,,,,,,,,,,,,,0.04103244804575944,,,,,,,,,,,,,0.045263112678730455,,
2023-09-14,,-0.0030538032453560414,,,,,,,,,,,,,,,,,,,,,,,,,,,,,,,,,,,,,,
2023-10-23,,,,,,,,,,,-0.003199512029239254,,,,,,,,,,,,,,,,,,,,,,,,,,,,,
2023-08-24,,,,,,,,,,,,,,,,,,,,0.02009009320941771,,,,0.10723024791198231,,,,,,,,,,,,,,,0.07952767430825539,
2023-08-16,,,,,,,,,,,,,,0.11001356711455194,,,,,,,,,,,,,,,,,,,,,,0.02812684960033147,,,,
2023-11-01,,,,,,,,,,,,0.08611776956169369,,,0.10539889415468039,,,,,,,,,,,0.10132471399197084,,,,,,,0.09273647536099863,,,,,,,
2023-09-05,,,,,,,,,,,,,,,,,,,,,,,,,,,,,,,,,,,,,,,,0.024150014080488714
2023-08-30,,,,,,,,,,,,,0.028763419322636423,,,,,,,,,,,,,,,,,,,,,,,,,,,
2023-11-07,,,,,,,,,,,,,,,,0.0638245680593414,,0.11657221855053748,,,,,,,,,,,,,,,,,,,,,,
2023-11-08,,,,,,,0.11999371183113874,0.06365095368844635,,,,,,,,,,,,,,,,,,,,,,,,,,,,,,,,
2023-10-30,,,,,,,,,,,,,,,,,,,,,,,,,,,,,,0.10292810550053355,,,,,,,,,,
2023-08-18,,,,,,,,,,,,,,,,,,,,,,,,,,,,,,,0.06167857388278214,,,,,,,,,
2023-08-31,,,,,,,,,,0.0874296878097601,,,,,,,,,,,,,,,,,,,,,,,,,,,,,,
2023-11-06,,,,,,,,,,,,,,,,,,,,,,,,,,,,,0.07711134727138778,,,,,,,,,,,
2024-01-30,,,,,,0.08436725117692999,,,,,,,,,,,,,,,,,,,0.05020263090678659,,,,,,,,,,,,,,,
2023-11-21,,,0.0677922205654985,0.06670016816426103,,,,,,,,,,,,,,,,,,,,,,,,0.027314663843776503,,,,,,,,,,,,
2024-02-01,0.05911644602295454,,,,,,,,,,,,,,,,,,,,,,0.07336707823599722,,,,,,,,,,,,,,0.04862998349610082,,,
2023-11-16,,,,,0.06253843717517292,,,,,,,,,,,,,,,,,,,,,,,,,,,,,,,,,,,
2024-01-25,,,,,,,,,,,,,,,,,,,0.10966012213297305,,0.022441041386585835,,,,,,,,,,,,,,,,,,,
2024-01-24,,,,,,,,,0.042841536314923594,,,,,,,,,,,,,0.07079459282245319,,,,,,,,,,,,,,,,,,
2023-12-20,,,,,,,,,,,,,,,,,,,,,,,,,,,0.10852072808678763,,,,,,,,,,,,,
2024-01-23,,,,,,,,,,,,,,,,,,,,,,,,,,,,,,,,,,,,,,0.04035029682865921,,
2023-12-13,,0.018991773049370865,,,,,,,,,,,,,,,,,,,,,,,,,,,,,,,,,,,,,,
2024-02-12,,,,,,,,,,,0.03797806255130484,,,,,,,,,,,,,,,,,,,,,,,,,,,,,
2023-11-28,,,,,,,,,,,,,0.04766800438087801,,,,,,,0.05802908916507869,,,,,,,,,,,,,,,,,,,0.07968018191505868,
2023-11-15,,,,,,,,,,,,,,0.11498923546467121,,,,,,,,,,,,,,,,,0.06940449208909497,,,,,,,,,
2024-02-13,,,,,,,,,,,,,,,,0.059526371569346676,,0.1072118500353694,,,,,,,,,,,,,,,,,0.09190826707894831,,,,,
2024-01-31,,,,,,,,,,,,,,,,,,,,,,,,,,,,,,,,,0.0901048830379215,0.036850349629495883,,,,,,
2023-11-29,,,,,,,,,,,,,,,,,,,,,,,,,,,,,,,,,,,,0.0518460678085691,,,,
2024-02-07,,,,,,,,0.07805596606508602,,,,0.07911055955639522,,,,,,,,,,,,,,,,,,,,,,,,,,,,
2023-11-27,,,,,,,,,,,,,,,,,,,,,,,,,,,,,,,,,,,,,,,,0.0545875414059121
2024-02-05,,,,,,,,,,,,,,,,,,,,,,,,,,,,,0.07341594968014627,0.08141204233060298,,0.09299388541381011,,,,,,,,
2024-02-14,,,,,,,0.11113571175196668,,,,,,,0.11169989921238622,,,,,,,,,,,,,,,,,,,,,,,,,,
2024-02-06,,,,,,,,,,,,,,,0.10052488573474876,,0.10858641615851457,,,,,,,,,0.05993032646663769,,,,,,,,,,,,,,
2023-11-30,,,,,,,,,,,,,,,,,,,,,,,,0.11342952000902966,,,,,,,,,,,,,,,,
2023-12-07,,,,,,,,,,0.05788296217354266,,,,,,,,,,,,,,,,,,,,,,,,,,,,,,
2024-04-30,,,,,,0.05659974474946768,,,,,,,,,,,,,,,,,,,,,,,,,,,,,,,,,,
2024-02-21,,,0.06678994804433555,,,,,,,,,,,,,,,,,,,,,,,,,0.004441196544481531,,,,,,,,0.05082908487653535,,,,
2024-05-02,0.04793425545077505,,,,,,,,,,,,,,,,0.1037963736879843,,,,,,,,,,,,,,,,,,,,,,,
2024-02-15,,,,,0.06626883422414871,,,,,,,,,,,,,,,,,,,,,,,,,,,,,,,,,,,
2024-02-29,,,,0.07028810597105498,,,,,,,,,,,,,,,,,,,,,,,,,,,,,,,,,,,,0.044879655030251854
2024-04-25,,,,,,,,,,,,,,,,,,,0.11992462194500779,,0.03895087879135595,,,,0.00030314356960983485,,,,,,,,,,,,0.07476277375718868,,,
2024-04-24,,,,,,,,,,,,,,,,,,,,,,0.06518683995296093,,,,,,,,,,,,,,,,,,
2024-03-20,,,,,,,,,,,,,,,,,,,,,,,,,,,0.10070658255067828,,,,,,,,,,,,,
2024-04-23,,,,,,,,,,,,,,,,,,,,,,,,,,,,,,,,,,,,,,0.04115486831215484,,
2024-03-14,,0.03280563126158516,,,,,,,,,,,,,,,,,,,,,,,,,,,,,,,,,,,,,,
2024-04-22,,,,,,,,,,,0.02745446183391633,,,,,,,,,,,,,,,,,,,,,,,,,,,,,
2024-02-26,,,,,,,,,,,,,,,,,,,,,,,,,,,,,,,,,,,,,,,0.08771553133594165,
2024-05-08,,,,,,,0.07850527151585512,0.03733042327200972,,,,,,,,,,,,,,,,,,,,,,,,,,,0.07374111628072204,,,,,
2024-05-01,,,,,,,,,,,,0.0969719680265459,,,0.10083288091977388,,,,,,,,,,,,,,,,,,0.09719855326705976,,,,,,,
2024-04-26,,,,,,,,,,,,,,,,,,,,,,,,,,,,,,,,,,0.08538334652166585,,,,,,
2024-02-22,,,,,,,,,,,,,,,,,,,,0.053876740451183014,,,,,,,,,,,,,,,,,,,,
2024-05-06,,,,,,,,,,,,,,,,,,,,,,,0.0637714299558978,,,,,,,,,0.08276167570803669,,,,,,,,
2024-03-05,,,,,,,,,,,,,0.02839406069373825,,,,,,,,,,,,,,,,,,,,,,,,,,,
2024-05-07,,,,,,,,,,,,,,,,0.05568450621350562,,0.11031649006741581,,,,,,,,,,,,,,,,,,,,,,
2024-04-17,,,,,,,,,0.01502198954588749,,,,,,,,,,,,,,,,,,,,,,,,,,,,,,,
2024-04-29,,,,,,,,,,,,,,,,,,,,,,,,,,0.05047576256189585,,,0.09315334625457942,0.11087357577788985,,,,,,,,,,
2024-03-07,,,,,,,,,,0.02078705289689322,,,,,,,,,,,,,,0.1047408468839458,,,,,,,,,,,,,,,,
2024-02-20,,,,,,,,,,,,,,,,,,,,,,,,,,,,,,,0.02735073566751125,,,,,,,,,
2024-07-30,,,,,,0.097404029546552,,,,,,,,,,,,,,,,,,,-0.022546860486187432,,,,,,,,,,,,,,,
2024-05-22,,,0.08471312786828399,,,,,,,,,,,,,,,,,,,,,,,,,-0.022546860486187432,,,,,,,,0.07147534897832747,,,,
2024-08-01,0.035410848672200804,,,,,,,,,,,,,,,,,,0.08984453573613109,,,,0.10167781665594323,,,0.07159727899534121,,,,,,,,,,,0.03588479082995099,,,
2024-05-16,,,,,0.11497041750804217,,,,,,,,,,,,,,,,,,,,,,,,,,,,,,,,,,,
2024-06-10,,,,0.11418252108842779,,,,,,,,,,,,,,,,,,,,,,,,,,,,,,,,,,,,
2024-07-24,,,,,,,,,,,,,,,,,,,,,0.13169423382802403,,,,,,,,,,,,,0.09065584300177208,,,,,,
2024-07-31,,,,,,,,0.07204361580053203,,,,0.08983852719647129,,,0.09051099235736296,,,,,,,0.09474841498497963,,,,,,,,,,,0.12256014127717144,,,,,,,
2024-06-26,,,,,,,,,,,,,,,,,,,,,,,,,,,0.09087715741262431,,,,,,,,,,,,,
2024-07-23,,,,,,,,,,,,,,,,,,,,,,,,,,,,,,,,,,,,,,0.10068179775474197,,
2024-06-13,,0.10495839501480436,,,,,,,,,,,,,,,,,,,,,,,,,,,,,,,,,,,,,,
2024-07-22,,,,,,,,,,,-0.02183634065626831,,,,,,,,,,,,,,,,,,0.08270637771110463,,,,,,,,,,,
2024-05-23,,,,,,,,,,,,,,,,,,,,0.12014917623809805,,,,,,,,,,,,,,,,,,,0.10740278191818034,
2024-05-15,,,,,,,,,,,,,,0.08557811897354554,,,,,,,,,,,,,,,,,,,,,,,,,,
2024-08-07,,,,,,,0.08697482417846143,,,,,,,,,,,,,,,,,,,,,,,,,,,,0.14133900427993065,,,,,
2024-05-30,,,,,,,,,,,,,,,,,,,,,,,,0.06833423153567086,,,,,,,,,,,,,,,,0.09223961686090694
2024-06-04,,,,,,,,,,,,,0.0721858688082466,,,,,,,,,,,,,,,,,,,,,,,,,,,
2024-08-08,,,,,,,,,,,,,,,,0.0721858688082466,,,,,,,,,,,,,,,,,,,,,,,,
2024-08-05,,,,,,,,,,,,,,,,,,,,,,,,,,,,,,,,0.1485729481888298,,,,,,,,
2024-08-06,,,,,,,,,,,,,,,,,0.06685755590388498,0.08866556873366188,,,,,,,,,,,,,,,,,,,,,,
2024-07-17,,,,,,,,,-0.022546860486187432,,,,,,,,,,,,,,,,,,,,,,,,,,,,,,,
2024-07-29,,,,,,,,,,,,,,,,,,,,,,,,,,,,,,0.09453607069961932,,,,,,,,,,
2024-05-20,,,,,,,,,,,,,,,,,,,,,,,,,,,,,,,0.09314040845311454,,,,,,,,,
2024-06-12,,,,,,,,,,0.08815532992894373,,,,,,,,,,,,,,,,,,,,,,,,,,,,,,
2024-10-29,,,,,,0.07543113611292801,,,,,,,,,,,,,,,,,,,,,,,,,,,,,,,,,,
2024-08-21,,,-0.0052620475861753805,,,,,,,,,,,,,,,,,,,,,,,,,,,,,,,,,-0.013172458108284657,,,,
2024-10-31,0.01471303847541794,,,,,,,,,,,,,,,,,,0.1258295186291504,,,,,,,,,,,,,,,,,,0.10144425106639181,,,
2024-08-15,,,,,0.08583231435945295,,,,,,,,,,,,,,,,,,,,,,,,,,,,,,,,,,,
2024-08-29,,,,0.09079431453053644,,,,,,,,,,,,,,,,,,,,0.12368276492800623,,,,,,,,,,,,,,,,
2024-10-30,,,,,,,,,,,,0.0934513083143073,,,0.07280161306472972,,,,,,0.10843417232554564,,,,-0.051794440031672606,0.01868825270573621,,,,,,,,,,,,,,
2024-10-23,,,,,,,,,,,,,,,,,,,,,,-0.001347938740339835,,,,,,,,,,,,0.10099412407973597,,,,,,
2024-09-25,,,,,,,,,,,,,,,,,,,,,,,,,,,0.07480645108284618,,,,,,,,,,,,,
2024-10-22,,,,,,,,,,,,,,,,,,,,,,,,,,,,,,,,,,,,,,-0.028594591197563118,,
2024-09-12,,-0.00816244502862799,,,,,,,,,,,,,,,,,,,,,,,,,,,,,,,,,,,,,,
2024-10-28,,,,,,,,,,,0.0450874081470416,,,,,,,,,,,,,,,,,,,0.09267625759107669,,,,,,,,,,
2024-08-22,,,,,,,,,,,,,,,,,,,,-0.11463214108338544,,,,,,,,,,,,,,,,,,,0.0961049032981115,
2024-08-14,,,,,,,,,,,,,,0.08319408221453421,,,,,,,,,,,,,,,,,,,,,,,,,,
2024-11-12,,,,,,,,,,,,,,,,,,,,,,,,,,,,,,,,,,,0.06614527864184241,,,,,
2024-11-06,,,,,,,-0.014897216825381294,0.03965461813481033,,,,,,,,,,,,,,,,,,,,,,,,,0.10185512524843972,,,,,,,
2024-11-05,,,,,,,,,,,,,,,,,,0.079894728082335,,,,,0.1152408294150617,,,,,,,,,,,,,,,,,
2024-09-03,,,,,,,,,,,,,,,,,,,,,,,,,,,,,,,,,,,,,,,,0.044635136136926455
2024-08-28,,,,,,,,,,,,,0.06236092384097899,,,,,,,,,,,,,,,-0.029226221879476436,,,,,,,,,,,,
2024-11-07,,,,,,,,,,,,,,,,0.07059556073651602,0.008155816621972125,,,,,,,,,,,,,,,,,,,,,,,
2024-11-04,,,,,,,,,,,,,,,,,,,,,,,,,,,,,0.11487768422209534,,,0.11724618187837553,,,,,,,,
2024-10-15,,,,,,,,,0.012534183737492464,,,,,,,,,,,,,,,,,,,,,,,,,,,,,,,
2024-08-19,,,,,,,,,,,,,,,,,,,,,,,,,,,,,,,0.0011767278216157034,,,,,,,,,
2024-09-05,,,,,,,,,,0.019419002171251098,,,,,,,,,,,,,,,,,,,,,,,,,,,,,,
2025-02-04,,,,,,0.07194287122775778,,,,,,,,,,,,,,,,,,,,,,,,,,,,,,,,,,
2024-11-26,,,0.045252702399025034,0.03372242943798279,,,,,,,,,0.041445624459242554,,,,,,,,,,,,,,,,,,,,,,,,,,0.08305138769720612,
2025-01-30,0.005353662321537135,,,,,,,,,,,,,,,,,,0.15575707257289356,,0.02597273486271415,,,,,,,,,,,,,0.04174887975319336,,,0.010658444742697368,,,
2024-11-14,,,,,0.04123999230303066,,,,,,,,,,,,,,,,,,,,,,,,,,,,,,,,,,,
2025-01-29,,,,,,,,,0.016964692521447645,,,,,,,,,,,,,0.06373924756148507,,,0.007761955533603957,,,,,,,,,,,,,,,
2024-12-18,,,,,,,,,,,,,,,,,,,,,,,,,,,0.07740111466193995,,,,,,,,,,,,,
2025-01-23,,,,,,,,,,,,,,,,,,,,,,,,,,,,,,,,,,,,,,0.02428575391033618,,
2024-12-11,,0.0015628742691018603,,,,,,,,,,,,,,,,,,,,,,,,,,,,,,,,,,,,,,
2025-02-18,,,,,,,,,,,0.0473710514645556,,,,,,,,,,,,,,,,,,,,,,,,,,,,,
2024-11-13,,,,,,,,,,,,,,0.08783283876760578,,,,,,,,,,,,,,,,,,,,,,,,,,
2025-02-11,,,,,,,,,,,,,,,,,,0.11773404125108014,,,,,,,,,,,,,,,,,0.08517682040534993,,,,,
2025-02-05,,,,,,,,0.05112170884671432,,,,0.09476332937303969,,,0.07988024534383271,,,,,,,,,,,0.022159058587012042,,,,,,,0.06279498649844903,,,,,,,
2024-12-04,,,,,,,,,,,,,,,,,,,,,,,,,,,,,,,,,,,,0.04271625224461149,,,,
2024-11-21,,,,,,,,,,,,,,,,,,,,0.004962233512020481,,,,,,,,,,,,,,,,,,,,
2025-02-06,,,,,,,,,,,,,,,,,0.030534182413996393,,,,,,0.10442436693967226,,,,,,,,,,,,,,,,,
2024-12-02,,,,,,,,,,,,,,,,,,,,,,,,,,,,,,,,,,,,,,,,0.06351401064660828
2025-02-13,,,,,0.059787899414167116,,,,,,,,,,,0.05798643779108935,,,,,,,,,,,,,,,0.09061664856437827,,,,,,,,,
2025-02-03,,,,,,,,,,,,,,,,,,,,,,,,,,,,,0.07311993820276066,,,0.04158605039131373,,,,,,,,
2025-02-12,,,,,,,-0.022285082767599437,,,,,,,0.11262768657226707,,,,,,,,,,,,,,,,,,,,,,,,,,
2024-11-20,,,,,,,,,,,,,,,,,,,,,,,,,,,,-0.009886628277267967,,,0.01561660753567588,,,,,,,,,
2025-02-10,,,,,,,,,,,,,,,,,,,,,,,,,,,,,,0.0974523130407303,,,,,,,,,,
2024-12-03,,,,,,,,,,,,,,,,,,,,,,,,0.08772899829084327,,,,,,,,,,,,,,,,
2024-12-12,,,,,,,,,,0.04653286723166402,,,,,,,,,,,,,,,,,,,,,,,,,,,,,,
2025-05-06,,,,,,0.07387461736978004,,,,,,,,,,0.11675328358061884,,0.08993927235992322,,,,,,,,,,,,,,,,,,,,,,
2025-02-19,,,0.08027506918529022,,,,,,,,,,,,,,,,,,,,,,,,,,,,,,,,,,,,,
2025-05-01,-0.06242095458685621,,,,,,,,,,,,,,,,,,,,,,,,,0.047473074616754915,,,,,,,,,,,0.030402796738012473,,,
2025-02-27,,,,0.0952560016335171,,,,,,,,,,,,,,,,,,,,,,,,,,,,,,,,,,,,
2025-04-24,,,,,,,,,,,,,,,,,,,0.114319124889669,,,,,,,,,,,,,,,,,,,,,
2025-04-30,,,,,,,,,,,,,,,0.07637470272435143,,,,,,0.13226405771012542,,,,0.029070369227670464,,,,,,,,0.004364198150653861,,,,,,,
2025-04-23,,,,,,,,,,,,,,,,,,,,,,0.08194257598163471,,,,,,,,,,,,,,,,0.12948098004219555,,
2025-03-20,,,,,,,,,,,,,,,,,,,,,,,,,,,0.08304116131017952,,,,,,,,,,,,,
2025-03-12,,0.059826191555193434,,,,,,,,,,,,,,,,,,,,,,,,,,,,,,,,,,,,,,
2025-04-28,,,,,,,,,,,0.11753957462361726,,,,,,,,,,,,,,,,,,0.11605879497120936,,,,,0.10519408513159234,,,,,,
2025-02-25,,,,,,,,,,,,,,,,,,,,0.10727867106032288,,,,,,,,,,,,,,,,,,,0.10733345566526017,
2025-05-08,,,,,,,,,,,,,,,,,,,,,,,0.09530454003186449,,,,,,,,,,,,-0.026659203976296345,,,,,
2025-02-26,,,,,,,,,,,,,,,,,,,,,,,,,,,,-0.06679134033616645,,,,,,,,-0.10470152152459616,,,,
2025-05-07,,,,,,,-0.04573932773731501,0.08647041883803956,,,,0.09649693149279379,,,,,0.07619743717387326,,,,,,,,,,,,,,,,,,,,,,,
2025-03-05,,,,,,,,,,,,,,,,,,,,,,,,0.05812544221599807,,,,,,,,,,,,,,,,0.11371136914500453
2025-03-04,,,,,,,,,,,,,0.10039102744780788,,,,,,,,,,,,,,,,,,,,,,,,,,,
2025-05-05,,,,,,,,,,,,,,,,,,,,,,,,,,,,,,0.11096688999823341,,0.08046351003119337,,,,,,,,
2025-04-16,,,,,,,,,0.061879489512366714,,,,,,,,,,,,,,,,,,,,,,,,,,,,,,,
2025-03-06,,,,,,,,,,0.11035871830454938,,,,,,,,,,,,,,,,,,,,,,,,,,,,,,
2025-08-05,,,,,,0.07353629400263134,,,,,,,,,,,,0.12708440216108347,,,,,,,,,,,,,,,,,,,,,,
2025-05-22,,,0.06876765084173757,0.03896058801830495,,,,,,,,,,,,,,,,0.0568437856264814,,,,,,,,,,,,,,,,,,,0.08232265878648462,
2025-07-31,-0.005705515796631871,,,,,,,,,,,,,,,,,,,,0.030068438477096716,,,,,0.036624580707625844,,,,,,,,,,,,,,
2025-05-15,,,,,0.07080030743099913,,,,,,,,,,,,,,,,,,,,,,,,,,,,,,,,,,,
2025-07-24,,,,,,,,,,,,,,,,,,,0.13720994179159623,,,,,,,,,,,,,,,,,,,,,
2025-07-30,,,,,,,,0.06402058551002877,,,,,,,0.08711710367977325,,,,,,,0.05871762719702537,,,0.004046106636716771,,,,,,,,0.03476946655373748,,,,,,,
2025-06-25,,,,,,,,,,,,,,,,,,,,,,,,,,,0.08497186488018833,,,,,,,,,,,,,
2025-07-22,,,,,,,,,,,,,,,,,,,,,,,,,,,,,,,,,,,,,,0.02176800309710798,,
2025-06-12,,-0.002079337814641444,,,,,,,,,,,,,,,,,,,,,,,,,,,,,,,,,,,,,,
2025-07-28,,,,,,,,,,,0.06691330909494612,,,,,,,,,,,,,,,,,,,,,,,,,,,,,
2025-05-14,,,,,,,,,,,,,,0.07616724862712737,,,,,,,,,,,,,,,,,,,,,,,,,,
2025-08-06,,,,,,,-0.011567668034406118,,,,,0.09021373524154203,,,,,0.029088000703655036,,,,,,,,,,,,,,,,,,0.09140067814760049,,,,,
2025-07-21,,,,,,,,,,,,,,,,,,,,,,,,,,,,,0.06306150013175466,,,,,0.042583815772816315,,,,,,
2025-05-28,,,,,,,,,,,,,,,,,,,,,,,,,,,,0.02259505075262045,,,,,,,,0.027566595850494653,,,,
2025-08-07,,,,,,,,,,,,,,,,0.07238748179163002,,,,,,,0.09515435810964994,,,,,,,,,,,,,,0.03561641059665099,,,
2025-05-29,,,,,,,,,,,,,,,,,,,,,,,,0.07496743235333861,,,,,,,,,,,,,,,,0.05171037579209861
2025-06-03,,,,,,,,,,,,,0.03260955670749805,,,,,,,,,,,,,,,,,,,,,,,,,,,
2025-08-04,,,,,,,,,,,,,,,,,,,,,,,,,,,,,,0.1222725091527839,,0.056656269599490834,,,,,,,,
2025-07-16,,,,,,,,,0.0047182453783083675,,,,,,,,,,,,,,,,,,,,,,,,,,,,,,,
2025-05-20,,,,,,,,,,,,,,,,,,,,,,,,,,,,,,,0.04305530374171146,,,,,,,,,
2025-06-05,,,,,,,,,,0.051421939987368104,,,,,,,,,,,,,,,,,,,,,,,,,,,,,,
2025-11-04,,,,,,0.03052049518359889,,,,,,0.07073219521394289,,,,,,,,,,,,,,,,,,,,,,,0.032697387645331824,,,,,
2025-08-20,,,0.03597151463165518,,,,,,,,,,,,,,,,,,,,,,,,,,,,,,,,,,,,,
2025-10-30,-0.03571919238314833,,,,,,,,,,,,,,,,,,,,,,,,,-0.05252525484770024,,,,,,,,,,,0.05443381261091417,,,
2025-08-14,,,,,0.04451142192379478,,,,,,,,,,,,,,,,,,,,,,,,,,,,,,,,,,,
2025-08-28,,,,0.05404914116952798,,,,,,,,,,,,,,,,,,,,0.05646403938369211,,,,,,,,,,,,,,,,
2025-10-23,,,,,,,,,,,,,,,,,,,0.10779993581792846,,,,,,,,,,,,,,,0.03730859257093067,,,,,,
2025-10-29,,,,,,,,,,,,,,,0.06075225960534926,,,,,,-0.04363099580980773,,,,-0.06744222174880977,,,,,,,,,,,,,,,
2025-10-22,,,,,,,,,,,,,,,,,,,,,,0.024209169585218574,,,,,,,,,,,,,,,,,,
2025-09-23,,,,,,,,,,,,,,,,,,,,,,,,,,,0.03876670159570114,,,,,,,,,,,,,
2025-10-21,,,,,,,,,,,,,,,,,,,,,,,,,,,,,,,,,,,,,,0.006742380129405759,,
2025-09-11,,-0.04217570975976602,,,,,,,,,,,,,,,,,,,,,,,,,,,,,,,,,,,,,,
2025-10-27,,,,,,,,,,,0.019785867558938207,,,,,,,,,,,,,,,,,,0.0485430554461529,,,,,,,,,,,
2025-08-21,,,,,,,,,,,,,,,,,,,,-0.01123959777410398,,,,,,,,,,,,,,,,,,,0.07641965293233464,
2025-08-13,,,,,,,,,,,,,,0.08507375773856267,,,,,,,,,,,,,,,,,,,,,,,,,,
2025-11-05,,,,,,,-0.013148007651052073,0.05079082362917162,,,,,,,,,0.0003649966076202656,,,,,,,,,,,,,,,,0.0239125844916379,,,,,,,
2025-09-09,,,,,,,,,,,,,,,,,,,,,,,,,,,,,,,,,,,,-0.03814584015511561,,,,
2025-11-06,,,,,,,,,,,,,,,,0.03552548951156024,,,,,,,0.08961619520405784,,,,,,,,,,,,,,,,,
2025-09-02,,,,,,,,,,,,,,,,,,,,,,,,,,,,,,,,,,,,,,,,0.039094269283317724
2025-08-27,,,,,,,,,,,,,0.02502007536926712,,,,,,,,,,,,,,,-0.040697399056627094,,,,,,,,,,,,
2025-11-03,,,,,,,,,,,,,,,,,,,,,,,,,,,,,,0.12698505482856987,,0.014261890490575784,,,,,,,,
2025-11-12,,,,,,,,,,,,,,0.07296112924814224,,,,0.12163822631910771,,,,,,,,,,,,,,,,,,,,,,
2025-10-15,,,,,,,,,-0.06225549653482504,,,,,,,,,,,,,,,,,,,,,,,,,,,,,,,
2025-08-18,,,,,,,,,,,,,,,,,,,,,,,,,,,,,,,0.03311496815995197,,,,,,,,,
2025-09-04,,,,,,,,,,-0.045683232654513045,,,,,,,,,,,,,,,,,,,,,,,,,,,,,,
2026-02-03,,,,,,0.0718419998884201,,,,,,,,,,,,,,,,,,,,,,,,,,,,,,,,,,
2025-11-25,,,0.0718419998884201,0.07866101711988449,,,,,,,,,,,,,,,,,,,,,,,,,,,,,,,,,,,0.0718419998884201,0.07866101711988449
2026-01-29,0.044148948043584824,,,,,,,,,,,,,,,,,,,,0.041787974536418915,,,,,,,,,,,,,,,,,,,
2025-11-13,,,,,0.060252267867326736,,,,,,,,,,,,,,,,,,,,,,,,,,,,,,,,,,,
2026-01-22,,,,,,,,,,,,,,,,,,,0.08357314765453339,,,,,,,,,,,,,,,,,,,,,
2026-01-28,,,,,,,,,0.03925693780183792,,,,,,,,,,,,,0.061371393501758575,,,0.03925693780183792,,,,,,,,,,,,,,,
2025-12-17,,,,,,,,,,,,,,,,,,,,,,,,,,,0.060252267867326736,,,,,,,,,,,,,
2026-01-27,,,,,,,,,,,,,,,,,,,,,,,,,,,,,,,,,,0.0718419998884201,,,,0.061371393501758575,,
2025-12-10,,0.060252267867326736,,,,,,,,,,,,,,,,,,,,,,,,,,,,,,,,,,0.0718419998884201,,,,
2026-02-17,,,,,,,,,,,0.07296112924814224,,,,,,,,,,,,,,,,,,,,,,,,,,,,,
2026-02-11,,,,,,,0.07890789210796356,,,,,,,,,,,0.08357314765453339,,,,,,,,,,,,,,,,,0.07070035487413406,,,,,
2026-02-04,,,,,,,,0.07296112924814224,,,,0.07866101711988449,,,0.0718419998884201,,,,,,,,,,,,,,,,,,0.0718419998884201,,,,,,,
2026-02-05,,,,,,,,,,,,,,,,,0.05085430666804314,,,,,,0.07296112924814224,,,0.017787907272577286,,,,,,,,,,,0.07866101711988449,,,
2025-11-20,,,,,,,,,,,,,,,,,,,,0.05084662884473801,,,,,,,,,,,,,,,,,,,,
2025-12-02,,,,,,,,,,,,,0.05196576938033104,,,,,,,,,,,0.07296112924814224,,,,,,,,,,,,,,,,
2026-02-10,,,,,,,,,,,,,,,,0.07296112924814224,,,,,,,,,,,,,,,,,,,,,,,,
2026-02-02,,,,,,,,,,,,,,,,,,,,,,,,,,,,,0.0718419998884201,,,0.04855049028992653,,,,,,,,
2025-11-19,,,,,,,,,,,,,,,,,,,,,,,,,,,,0.05128283053636551,,,0.07296112924814224,,,,,,,,,
2026-02-09,,,,,,,,,,,,,,,,,,,,,,,,,,,,,,0.07296112924814224,,,,,,,,,,
2025-12-11,,,,,,,,,,0.05953913927078247,,,,,,,,,,,,,,,,,,,,,,,,,,,,,,
